Mississippi,Newton,21443
Mississippi,Panola,34178
Mississippi,Monroe,35564
Mississippi,Hinds,237085
Mississippi,Kemper,10027
Mississippi,Calhoun,14436
Mississippi,Clarke,15604
Mississippi,Jefferson,7106
Mississippi,Madison,105630
Mississippi,Sharkey,4377
Mississippi,Tunica,9944
Mississippi,Tate,28759
Mississippi,Lafayette,54793
Mississippi,Bolivar,31333
Mississippi,Stone,18717
Mississippi,Noxubee,10535
Mississippi,Lamar,62447
Mississippi,Lee,85202
Mississippi,Adams,31192
Mississippi,Pontotoc,31833
Mississippi,Marion,24715
Mississippi,Jasper,16428
Mississippi,Simpson,26758
Mississippi,Sunflower,25735
Mississippi,Hancock,47334
Mississippi,Winston,18165
Mississippi,Carroll,9911
Mississippi,Copiah,28543
Mississippi,Jefferson Davis,11234
Mississippi,Lincoln,34205
Mississippi,Marshall,35451
Mississippi,Jackson,143277
Mississippi,Pike,39563
Mississippi,Prentiss,25315
Mississippi,Perry,11931
Mississippi,Franklin,7788
Mississippi,Lowndes,58930
Mississippi,Quitman,7051
Mississippi,Neshoba,29125
Mississippi,Clay,19386
Mississippi,Attala,18365
Mississippi,Alcorn,36925
Mississippi,Chickasaw,17171
Mississippi,Humphreys,8257
Mississippi,Greene,13586
Mississippi,Leflore,28919
Mississippi,Benton,8271
Mississippi,Coahoma,22628
Mississippi,Lawrence,12455
Mississippi,Tishomingo,19454
Mississippi,Covington,18853
Mississippi,Tippah,21995
Mississippi,Smith,16002
Mississippi,Washington,45063
Mississippi,Holmes,17622
Mississippi,Pearl River,55387
Mississippi,Itawamba,23517
Mississippi,Yalobusha,12392
Mississippi,Lauderdale,75317
Mississippi,Oktibbeha,49599
Mississippi,Harrison,206650
Mississippi,Amite,12326
Mississippi,Webster,9788
Mississippi,Scott,28287
Mississippi,Wilkinson,8792
Mississippi,Jones,68461
Mississippi,Rankin,153902
Mississippi,Issaquena,1308
Mississippi,Choctaw,8278
Mississippi,Union,28606
Mississippi,Tallahatchie,13987
Mississippi,Leake,22763
Mississippi,Walthall,14465
Mississippi,Claiborne,9002
Mississippi,Wayne,20298
Mississippi,Yazoo,28248
Mississippi,Montgomery,10023
Mississippi,Forrest,75036
Mississippi,George,24250
Mississippi,DeSoto,182001
Mississippi,Grenada,21055
Mississippi,Warren,46176
Oklahoma,Major,7644
Oklahoma,Pottawatomie,72679
Oklahoma,Johnston,10949
Oklahoma,Jefferson,6123
Oklahoma,Beaver,5319
Oklahoma,Stephens,43265
Oklahoma,Washita,11127
Oklahoma,McClain,39985
Oklahoma,Atoka,13838
Oklahoma,Noble,11289
Oklahoma,Pittsburg,43877
Oklahoma,Woodward,20222
Oklahoma,Beckham,21709
Oklahoma,Canadian,144447
Oklahoma,Payne,82040
Oklahoma,Woods,8897
Oklahoma,Pontotoc,38247
Oklahoma,Blaine,9485
Oklahoma,Le Flore,49980
Oklahoma,Adair,22082
Oklahoma,Rogers,91984
Oklahoma,Craig,14306
Oklahoma,Kingfisher,15816
Oklahoma,Lincoln,34920
Oklahoma,Delaware,42733
Oklahoma,Jackson,24949
Oklahoma,Bryan,47192
Oklahoma,Hughes,13335
Oklahoma,McCurtain,32703
Oklahoma,Comanche,120422
Oklahoma,Logan,47291
Oklahoma,Okmulgee,38335
Oklahoma,Garfield,60913
Oklahoma,Roger Mills,3656
Oklahoma,Custer,29036
Oklahoma,Harmon,2664
Oklahoma,Sequoyah,41179
Oklahoma,Wagoner,80110
Oklahoma,Seminole,24578
Oklahoma,Cleveland,281669
Oklahoma,Pushmataha,11179
Oklahoma,Okfuskee,12098
Oklahoma,Greer,5821
Oklahoma,Cimarron,2153
Oklahoma,Caddo,28977
Oklahoma,Nowata,10218
Oklahoma,Carter,48177
Oklahoma,Washington,51843
Oklahoma,Kiowa,8729
Oklahoma,Muskogee,68362
Oklahoma,Texas,20455
Oklahoma,McIntosh,19815
Oklahoma,Cherokee,48675
Oklahoma,Marshall,16806
Oklahoma,Haskell,12668
Oklahoma,Tillman,7348
Oklahoma,Alfalfa,5754
Oklahoma,Kay,44161
Oklahoma,Latimer,10231
Oklahoma,Grady,55551
Oklahoma,Choctaw,14668
Oklahoma,Garvin,27811
Oklahoma,Mayes,41107
Oklahoma,Grant,4326
Oklahoma,Oklahoma,792582
Oklahoma,Osage,47014
Oklahoma,Murray,13953
Oklahoma,Ottawa,31175
Oklahoma,Dewey,4894
Oklahoma,Ellis,3952
Oklahoma,Harper,3797
Oklahoma,Tulsa,648360
Oklahoma,Creek,71604
Oklahoma,Pawnee,16390
Oklahoma,Cotton,5776
Oklahoma,Love,10134
Oklahoma,Coal,5520
Delaware,Sussex,229286
Delaware,New Castle,559335
Delaware,Kent,178550
Minnesota,Sibley,15028
Minnesota,Carver,103551
Minnesota,McLeod,35873
Minnesota,Blue Earth,67427
Minnesota,Todd,24582
Minnesota,Mower,40011
Minnesota,Anoka,353813
Minnesota,Fillmore,21058
Minnesota,Lincoln,5673
Minnesota,Goodhue,46403
Minnesota,Stearns,159256
Minnesota,Murray,8276
Minnesota,Lyon,25629
Minnesota,Wilkin,6254
Minnesota,Isanti,39966
Minnesota,Benton,40545
Minnesota,Brown,25111
Minnesota,Dakota,425423
Minnesota,Faribault,13758
Minnesota,Scott,147381
Minnesota,Lac qui Parle,6658
Minnesota,Wadena,13773
Minnesota,Hubbard,21332
Minnesota,St. Louis,199754
Minnesota,Kittson,4248
Minnesota,Kanabec,16207
Minnesota,Olmsted,156277
Minnesota,Grant,6021
Minnesota,Pope,11097
Minnesota,Marshall,9390
Minnesota,Watonwan,10980
Minnesota,Pipestone,9047
Minnesota,Crow Wing,64889
Minnesota,Lake of the Woods,3758
Minnesota,Itasca,45108
Minnesota,Steele,36803
Minnesota,Chisago,55922
Minnesota,Wabasha,21645
Minnesota,Swift,9345
Minnesota,Sherburne,96036
Minnesota,Beltrami,46847
Minnesota,Cottonwood,11277
Minnesota,Lake,10658
Minnesota,Chippewa,11924
Minnesota,Douglas,37964
Minnesota,Mahnomen,5519
Minnesota,Waseca,18691
Minnesota,Roseau,15150
Minnesota,Nobles,21924
Minnesota,Otter Tail,58812
Minnesota,Clearwater,8810
Minnesota,Hennepin,1259428
Minnesota,Pine,29483
Minnesota,Martin,19785
Minnesota,Red Lake,3999
Minnesota,Norman,6475
Minnesota,Meeker,23141
Minnesota,Freeborn,30444
Minnesota,Traverse,3308
Minnesota,Clay,63955
Minnesota,Kandiyohi,42855
Minnesota,Washington,259201
Minnesota,Redwood,15249
Minnesota,Koochiching,12440
Minnesota,Rock,9414
Minnesota,Pennington,14178
Minnesota,Becker,34371
Minnesota,Mille Lacs,26139
Minnesota,Winona,50825
Minnesota,Stevens,9753
Minnesota,Renville,14612
Minnesota,Nicollet,34220
Minnesota,Polk,31529
Minnesota,Morrison,33169
Minnesota,Wright,136349
Minnesota,Ramsey,550210
Minnesota,Yellow Medicine,9795
Minnesota,Jackson,9911
Minnesota,Cass,29519
Minnesota,Aitkin,15902
Minnesota,Dodge,20822
Minnesota,Big Stone,4989
Minnesota,Houston,18578
Minnesota,Le Sueur,28494
Minnesota,Carlton,35837
Minnesota,Rice,66523
Minnesota,Cook,5393
Illinois,Monroe,34335
Illinois,St. Clair,261059
Illinois,Madison,264461
Illinois,Bond,16630
Illinois,Adams,65691
Illinois,Macoupin,45313
Illinois,Marion,37620
Illinois,Knox,50112
Illinois,Williamson,67056
Illinois,Gallatin,5058
Illinois,Champaign,209983
Illinois,Coles,50885
Illinois,Hardin,3910
Illinois,Pike,15611
Illinois,Whiteside,55626
Illinois,Saline,23906
Illinois,Logan,28925
Illinois,De Witt,15769
Illinois,Lawrence,15765
Illinois,Boone,53577
Illinois,Edgar,17360
Illinois,Clinton,37639
Illinois,Brown,6556
Illinois,Clark,15596
Illinois,Macon,104712
Illinois,Christian,32661
Illinois,Ford,13264
Illinois,Cass,12260
Illinois,Piatt,16396
Illinois,Scott,4926
Illinois,White,13665
Illinois,Moultrie,14717
Illinois,Kane,534216
Illinois,Bureau,32993
Illinois,Vermilion,76806
Illinois,Livingston,35761
Illinois,Effingham,34208
Illinois,Mason,13565
Illinois,Jefferson,37820
Illinois,Pope,4212
Illinois,Marshall,11534
Illinois,Pulaski,5463
Illinois,Ogle,50923
Illinois,Jasper,9611
Illinois,Winnebago,284081
Illinois,Stephenson,44753
Illinois,Morgan,33976
Illinois,Perry,21174
Illinois,Wabash,11549
Illinois,Lake,700832
Illinois,Douglas,19479
Illinois,Randolph,32106
Illinois,Fayette,21416
Illinois,DeKalb,104143
Illinois,Kankakee,110024
Illinois,Shelby,21741
Illinois,Iroquois,27604
Illinois,Warren,17032
Illinois,Edwards,6392
Illinois,Stark,5427
Illinois,Lee,34223
Illinois,Menard,12288
Illinois,Fulton,34844
Illinois,McDonough,29955
Illinois,Woodford,38463
Illinois,McLean,172828
Illinois,Franklin,38701
Illinois,Mercer,15601
Illinois,Johnson,12456
Illinois,Clay,13253
Illinois,Henry,49090
Illinois,Crawford,18807
Illinois,Cumberland,10808
Illinois,Washington,13995
Illinois,Putnam,5740
Illinois,Kendall,127915
Illinois,Montgomery,28601
Illinois,Alexander,6060
Illinois,Wayne,16332
Illinois,Calhoun,4802
Illinois,Schuyler,6907
Illinois,Tazewell,132328
Illinois,Henderson,6709
Illinois,Grundy,50972
Illinois,Jersey,21847
Illinois,Carroll,14312
Illinois,Jackson,57419
Illinois,McHenry,308570
Illinois,DuPage,928589
Illinois,Greene,13044
Illinois,Sangamon,195348
Illinois,Hancock,17844
Illinois,Union,16841
Illinois,Richland,15763
Illinois,Peoria,180621
Illinois,Massac,14080
Illinois,Cook,5180493
Illinois,Jo Daviess,21366
Illinois,Hamilton,8163
Illinois,LaSalle,109430
Illinois,Will,692310
Illinois,Rock Island,143477
Arkansas,Newton,7805
Arkansas,Monroe,6900
Arkansas,Polk,20049
Arkansas,Calhoun,5277
Arkansas,Hot Spring,33701
Arkansas,Jefferson,68114
Arkansas,Madison,16481
Arkansas,Lonoke,73657
Arkansas,Jackson,16811
Arkansas,Craighead,108558
Arkansas,Pulaski,392680
Arkansas,Cross,16676
Arkansas,St. Francis,25439
Arkansas,Conway,20891
Arkansas,Arkansas,17769
Arkansas,Lee,8985
Arkansas,Stone,12457
Arkansas,Lafayette,6682
Arkansas,Columbia,23537
Arkansas,Saline,121421
Arkansas,Fulton,12269
Arkansas,Crittenden,48342
Arkansas,Hempstead,21741
Arkansas,Prairie,8074
Arkansas,Lincoln,13383
Arkansas,Woodruff,6490
Arkansas,Ashley,20046
Arkansas,Pike,10673
Arkansas,Marion,16722
Arkansas,Perry,10352
Arkansas,Bradley,10897
Arkansas,Franklin,17810
Arkansas,Logan,21737
Arkansas,Phillips,18029
Arkansas,Sharp,17366
Arkansas,Chicot,10438
Arkansas,Clay,14847
Arkansas,Howard,13341
Arkansas,Crawford,63406
Arkansas,Boone,37480
Arkansas,Greene,45325
Arkansas,Izard,13593
Arkansas,Little River,12326
Arkansas,Cleveland,8018
Arkansas,Benton,272608
Arkansas,Lawrence,16434
Arkansas,Montgomery,8924
Arkansas,Johnson,26742
Arkansas,Washington,236961
Arkansas,Clark,22061
Arkansas,Sevier,17139
Arkansas,Baxter,41619
Arkansas,Independence,37678
Arkansas,Pope,64000
Arkansas,Van Buren,16603
Arkansas,Garland,99154
Arkansas,Yell,21535
Arkansas,Poinsett,23974
Arkansas,Randolph,17948
Arkansas,Ouachita,23606
Arkansas,Carroll,28223
Arkansas,Nevada,8326
Arkansas,Drew,18328
Arkansas,Desha,11512
Arkansas,Union,39126
Arkansas,White,78727
Arkansas,Grant,18188
Arkansas,Sebastian,127753
Arkansas,Scott,10319
Arkansas,Mississippi,41239
Arkansas,Dallas,7182
Arkansas,Searcy,7958
Arkansas,Miller,43592
Arkansas,Faulkner,124806
Arkansas,Cleburne,24965
New Mexico,Torrance,15591
New Mexico,Eddy,57900
New Mexico,McKinley,72290
New Mexico,Santa Fe,150056
New Mexico,San Juan,125043
New Mexico,San Miguel,27591
New Mexico,Bernalillo,678701
New Mexico,Curry,49437
New Mexico,Roosevelt,18743
New Mexico,Luna,23963
New Mexico,Lincoln,19556
New Mexico,Catron,3578
New Mexico,Hidalgo,4240
New Mexico,Sierra,10968
New Mexico,Quay,8253
New Mexico,Colfax,12110
New Mexico,Otero,66781
New Mexico,Valencia,76456
New Mexico,Socorro,16735
New Mexico,Lea,69611
New Mexico,Cibola,26746
New Mexico,Taos,32835
New Mexico,Harding,655
New Mexico,Mora,4506
New Mexico,Rio Arriba,39006
New Mexico,Union,4118
New Mexico,Chaves,64689
New Mexico,Los Alamos,19101
New Mexico,Grant,27346
New Mexico,Doña Ana,217522
New Mexico,Sandoval,145179
New Mexico,De Baca,1781
New Mexico,Guadalupe,4341
Indiana,Monroe,146917
Indiana,Madison,129641
Indiana,Vermillion,15479
Indiana,Fountain,16351
Indiana,Adams,35636
Indiana,Marion,954670
Indiana,Knox,36895
Indiana,Dearborn,49568
Indiana,Tipton,15128
Indiana,Pike,12410
Indiana,Vigo,107386
Indiana,Lawrence,45668
Indiana,Orange,19489
Indiana,Steuben,34586
Indiana,Boone,66999
Indiana,Benton,8653
Indiana,Jennings,27611
Indiana,Brown,15234
Indiana,Clark,117360
Indiana,Gibson,33452
Indiana,Spencer,20327
Indiana,Hendricks,167009
Indiana,Scott,23878
Indiana,White,24133
Indiana,Grant,65936
Indiana,Starke,22935
Indiana,Howard,82366
Indiana,Rush,16663
Indiana,Owen,20845
Indiana,Warrick,62567
Indiana,Jefferson,32208
Indiana,Marshall,46248
Indiana,Pulaski,12469
Indiana,Jasper,33370
Indiana,Switzerland,10717
Indiana,Morgan,70116
Indiana,Perry,19102
Indiana,Wabash,31280
Indiana,Vanderburgh,180974
Indiana,Elkhart,205560
Indiana,Whitley,34074
Indiana,Lake,484411
Indiana,Noble,47532
Indiana,Blackford,11930
Indiana,Randolph,24851
Indiana,Fayette,23047
Indiana,DeKalb,43226
Indiana,Parke,16927
Indiana,Shelby,44593
Indiana,Decatur,26794
Indiana,Sullivan,20690
Indiana,Warren,8263
Indiana,Bartholomew,82753
Indiana,Wayne,65936
Indiana,Martin,10217
Indiana,Huntington,36240
Indiana,St. Joseph,270771
Indiana,Fulton,20092
Indiana,Dubois,42565
Indiana,Delaware,114772
Indiana,Franklin,22736
Indiana,Allen,375351
Indiana,Johnson,156225
Indiana,Clay,26170
Indiana,Henry,48271
Indiana,Crawford,10558
Indiana,Washington,27943
Indiana,Harrison,40350
Indiana,Putnam,37779
Indiana,Floyd,77781
Indiana,Wells,28206
Indiana,Daviess,33147
Indiana,Kosciusko,79344
Indiana,Montgomery,38346
Indiana,Newton,14011
Indiana,Tippecanoe,193048
Indiana,Miami,35567
Indiana,Hancock,76351
Indiana,Carroll,20127
Indiana,LaGrange,39330
Indiana,Jackson,44111
Indiana,Posey,25540
Indiana,Ohio,5844
Indiana,Cass,37955
Indiana,Greene,32006
Indiana,LaPorte,110007
Indiana,Clinton,32250
Indiana,Union,7037
Indiana,Porter,169594
Indiana,Jay,20764
Indiana,Hamilton,330086
Indiana,Ripley,28523
Maryland,Cecil,102826
Maryland,Anne Arundel,576031
Maryland,Calvert,92003
Maryland,Prince George's,909308
Maryland,Talbot,36968
Maryland,Charles,161503
Maryland,Carroll,168429
Maryland,Dorchester,31998
Maryland,Allegany,70975
Maryland,St. Mary's,112664
Maryland,Frederick,255648
Maryland,Montgomery,1052567
Maryland,Washington,150926
Maryland,Baltimore city,602495
Maryland,Baltimore,828431
Maryland,Queen Anne's,50251
Maryland,Garrett,29163
Maryland,Worcester,51823
Maryland,Wicomico,103195
Maryland,Howard,323196
Maryland,Harford,253956
Maryland,Kent,19383
Maryland,Caroline,33304
Maryland,Somerset,25675
Louisiana,St. Mary Parish,49774
Louisiana,West Carroll Parish,10982
Louisiana,Orleans Parish,391006
Louisiana,Morehouse Parish,25398
Louisiana,Ouachita Parish,154475
Louisiana,Red River Parish,8477
Louisiana,West Baton Rouge Parish,26427
Louisiana,Vermilion Parish,59830
Louisiana,Grant Parish,22482
Louisiana,Madison Parish,11161
Louisiana,Terrebonne Parish,111021
Louisiana,East Baton Rouge Parish,440956
Louisiana,Lincoln Parish,47196
Louisiana,Evangeline Parish,33443
Louisiana,St. James Parish,21037
Louisiana,West Feliciana Parish,15460
Louisiana,Lafourche Parish,98115
Louisiana,Cameron Parish,6968
Louisiana,LaSalle Parish,14917
Louisiana,Livingston Parish,139567
Louisiana,Bossier Parish,127185
Louisiana,St. Charles Parish,52879
Louisiana,Ascension Parish,124672
Louisiana,Richland Parish,20192
Louisiana,Jefferson Davis Parish,31582
Louisiana,Union Parish,22330
Louisiana,Winn Parish,14134
Louisiana,East Carroll Parish,7037
Louisiana,Acadia Parish,62190
Louisiana,St. Helena Parish,10262
Louisiana,Bienville Parish,13308
Louisiana,St. Martin Parish,53621
Louisiana,Iberville Parish,32721
Louisiana,Vernon Parish,48860
Louisiana,Franklin Parish,20156
Louisiana,East Feliciana Parish,19305
Louisiana,Beauregard Parish,37253
Louisiana,Iberia Parish,70941
Louisiana,Washington Parish,46582
Louisiana,De Soto Parish,27436
Louisiana,Jefferson Parish,434051
Louisiana,Rapides Parish,130562
Louisiana,Lafayette Parish,242782
Louisiana,Calcasieu Parish,203112
Louisiana,Caldwell Parish,9960
Louisiana,Avoyelles Parish,40462
Louisiana,St. Tammany Parish,258111
Louisiana,Natchitoches Parish,38659
Louisiana,Sabine Parish,24032
Louisiana,Pointe Coupee Parish,21940
Louisiana,Catahoula Parish,9608
Louisiana,Caddo Parish,242922
Louisiana,St. Landry Parish,82764
Louisiana,Jackson Parish,15902
Louisiana,Assumption Parish,22300
Louisiana,Tensas Parish,4462
Louisiana,St. Bernard Parish,46721
Louisiana,St. John the Baptist Parish,43184
Louisiana,Concordia Parish,19572
Louisiana,Tangipahoa Parish,133777
Louisiana,Allen Parish,25605
Louisiana,Plaquemines Parish,23410
Louisiana,Claiborne Parish,15944
Louisiana,Webster Parish,38798
Idaho,Jerome,24015
Idaho,Jefferson,29439
Idaho,Bonner,44727
Idaho,Owyhee,11693
Idaho,Minidoka,20825
Idaho,Payette,23551
Idaho,Caribou,7060
Idaho,Adams,4250
Idaho,Lemhi,7961
Idaho,Blaine,22601
Idaho,Valley,11041
Idaho,Latah,40134
Idaho,Kootenai,161505
Idaho,Lewis,3861
Idaho,Lincoln,5360
Idaho,Shoshone,12796
Idaho,Franklin,13726
Idaho,Washington,10161
Idaho,Cassia,23864
Idaho,Ada,469966
Idaho,Custer,4280
Idaho,Benewah,9226
Idaho,Madison,39304
Idaho,Power,7768
Idaho,Teton,11640
Idaho,Clark,852
Idaho,Idaho,16513
Idaho,Bear Lake,6050
Idaho,Gem,17634
Idaho,Twin Falls,86081
Idaho,Gooding,15196
Idaho,Elmore,27259
Idaho,Bingham,46236
Idaho,Canyon,223499
Idaho,Boise,7634
Idaho,Fremont,13168
Idaho,Bonneville,116854
Idaho,Camas,1127
Idaho,Nez Perce,40408
Idaho,Oneida,4488
Idaho,Butte,2611
Idaho,Boundary,11948
Idaho,Bannock,87138
Idaho,Clearwater,8758
Wyoming,Sweetwater,43051
Wyoming,Campbell,46140
Wyoming,Converse,13640
Wyoming,Sublette,9813
Wyoming,Weston,6967
Wyoming,Big Horn,11881
Wyoming,Lincoln,19434
Wyoming,Natrona,79115
Wyoming,Johnson,8460
Wyoming,Platte,8566
Wyoming,Hot Springs,4555
Wyoming,Albany,38601
Wyoming,Sheridan,30233
Wyoming,Carbon,14971
Wyoming,Laramie,98976
Wyoming,Goshen,13376
Wyoming,Niobrara,2388
Wyoming,Crook,7450
Wyoming,Fremont,39531
Wyoming,Teton,23081
Wyoming,Washakie,7885
Wyoming,Uinta,20299
Wyoming,Park,29324
Tennessee,Cocke,35774
Tennessee,Monroe,46357
Tennessee,Overton,22068
Tennessee,Madison,97605
Tennessee,Marion,28575
Tennessee,Giles,29503
Tennessee,Knox,465289
Tennessee,Stewart,13561
Tennessee,Williamson,231729
Tennessee,Dickson,53446
Tennessee,Lincoln,34117
Tennessee,Tipton,61581
Tennessee,Lawrence,43734
Tennessee,Benton,16184
Tennessee,Haywood,17335
Tennessee,Smith,19942
Tennessee,Macon,24265
Tennessee,Gibson,49045
Tennessee,Scott,22039
Tennessee,Hawkins,56530
Tennessee,Robertson,71012
Tennessee,Grainger,23145
Tennessee,Davidson,692587
Tennessee,McNairy,25832
Tennessee,Jefferson,54012
Tennessee,Campbell,39583
Tennessee,Marshall,33683
Tennessee,Rhea,33044
Tennessee,Anderson,76482
Tennessee,Morgan,21579
Tennessee,Perry,8064
Tennessee,Chester,17276
Tennessee,Lake,7411
Tennessee,White,27107
Tennessee,Meigs,12306
Tennessee,Fayette,40507
Tennessee,DeKalb,20138
Tennessee,Claiborne,31756
Tennessee,Bedford,49038
Tennessee,Shelby,935764
Tennessee,Sequatchie,14876
Tennessee,Decatur,11706
Tennessee,Sullivan,157668
Tennessee,Moore,6411
Tennessee,Warren,40878
Tennessee,Unicoi,17761
Tennessee,Hardin,25776
Tennessee,Maury,94340
Tennessee,Rutherford,324890
Tennessee,Cheatham,40439
Tennessee,Franklin,41890
Tennessee,Hamblen,64569
Tennessee,Johnson,17778
Tennessee,Clay,7717
Tennessee,Roane,53140
Tennessee,Henry,32358
Tennessee,Cumberland,59673
Tennessee,Crockett,14328
Tennessee,Bledsoe,14755
Tennessee,Washington,128607
Tennessee,Carter,56351
Tennessee,Loudon,53054
Tennessee,Blount,131349
Tennessee,Putnam,78843
Tennessee,Hardeman,25220
Tennessee,Weakley,33415
Tennessee,Sevier,97892
Tennessee,Montgomery,205950
Tennessee,Humphreys,18486
Tennessee,Wayne,16558
Tennessee,Obion,30267
Tennessee,Polk,16898
Tennessee,Henderson,27847
Tennessee,Grundy,13346
Tennessee,Hancock,6549
Tennessee,Carroll,28020
Tennessee,Lewis,12086
Tennessee,Jackson,11758
Tennessee,Bradley,106727
Tennessee,Cannon,14462
Tennessee,Greene,69087
Tennessee,Coffee,55700
Tennessee,Dyer,37320
Tennessee,Houston,8263
Tennessee,Lauderdale,25825
Tennessee,Sumner,187149
Tennessee,McMinn,53285
Tennessee,Fentress,18217
Tennessee,Union,19688
Tennessee,Hickman,25063
Tennessee,Wilson,140625
Tennessee,Trousdale,11012
Tennessee,Hamilton,364286
Tennessee,Pickett,5082
Tennessee,Van Buren,5765
Arizona,Pinal,447138
Arizona,Greenlee,9483
Arizona,La Paz,21098
Arizona,Mohave,209550
Arizona,Yuma,212128
Arizona,Gila,53889
Arizona,Maricopa,4410824
Arizona,Navajo,110445
Arizona,Graham,38072
Arizona,Pima,1039073
Arizona,Apache,71818
Arizona,Coconino,142854
Arizona,Cochise,126770
Arizona,Santa Cruz,46511
Arizona,Yavapai,231993
Iowa,Monroe,7790
Iowa,Taylor,6191
Iowa,Madison,16249
Iowa,Bremer,24947
Iowa,Adams,3645
Iowa,Marion,33407
Iowa,Linn,225909
Iowa,Poweshiek,18699
Iowa,Hardin,16868
Iowa,Allamakee,13832
Iowa,Lyon,11811
Iowa,Butler,14539
Iowa,Boone,26346
Iowa,Cerro Gordo,42647
Iowa,Benton,25642
Iowa,Clinton,46518
Iowa,Black Hawk,132408
Iowa,Van Buren,7020
Iowa,Cherokee,11321
Iowa,Scott,173283
Iowa,Buena Vista,19874
Iowa,Howard,9187
Iowa,Jefferson,18381
Iowa,Des Moines,39138
Iowa,Marshall,39981
Iowa,Wapello,35205
Iowa,Sioux,34909
Iowa,Page,15249
Iowa,Jasper,37147
Iowa,Sac,9719
Iowa,Winnebago,10518
Iowa,Appanoose,12437
Iowa,Mahaska,22000
Iowa,Pottawattamie,93533
Iowa,Emmet,9253
Iowa,Keokuk,10225
Iowa,Clayton,17556
Iowa,Fremont,6993
Iowa,Fayette,19660
Iowa,Shelby,11578
Iowa,Decatur,7890
Iowa,Warren,51056
Iowa,Lee,34055
Iowa,Winneshiek,20029
Iowa,O'Brien,13840
Iowa,Cedar,18627
Iowa,Ringgold,4968
Iowa,Delaware,17069
Iowa,Muscatine,42929
Iowa,Franklin,10124
Iowa,Monona,8679
Iowa,Johnson,151260
Iowa,Clay,16134
Iowa,Henry,20067
Iowa,Crawford,17158
Iowa,Union,12359
Iowa,Washington,22141
Iowa,Ida,6841
Iowa,Plymouth,25095
Iowa,Harrison,14134
Iowa,Tama,16904
Iowa,Floyd,15761
Iowa,Guthrie,10720
Iowa,Montgomery,10003
Iowa,Kossuth,14908
Iowa,Webster,36277
Iowa,Wayne,6401
Iowa,Humboldt,9547
Iowa,Polk,487204
Iowa,Calhoun,9699
Iowa,Clarke,9423
Iowa,Buchanan,21199
Iowa,Wright,12690
Iowa,Lucas,8645
Iowa,Grundy,12304
Iowa,Adair,7063
Iowa,Hancock,10712
Iowa,Dickinson,17153
Iowa,Carroll,20154
Iowa,Jones,20744
Iowa,Jackson,19432
Iowa,Dubuque,96854
Iowa,Davis,9017
Iowa,Woodbury,102539
Iowa,Cass,12930
Iowa,Iowa,16141
Iowa,Chickasaw,11964
Iowa,Greene,8981
Iowa,Story,98105
Iowa,Mills,15063
Iowa,Osceola,6040
Iowa,Worth,7453
Iowa,Palo Alto,8929
Iowa,Louisa,11169
Iowa,Mitchell,10569
Iowa,Audubon,5506
Iowa,Dallas,90180
Iowa,Hamilton,14952
Iowa,Pocahontas,6740
Michigan,Livingston,191224
Michigan,Clare,30757
Michigan,Macomb,874759
Michigan,Baraga,8320
Michigan,Mason,29100
Michigan,Eaton,109826
Michigan,Calhoun,134487
Michigan,Iosco,25081
Michigan,Benzie,17753
Michigan,Alcona,10362
Michigan,Alger,9097
Michigan,Gladwin,25337
Michigan,Huron,31166
Michigan,Mecosta,43545
Michigan,Menominee,22983
Michigan,Marquette,66516
Michigan,Gratiot,40599
Michigan,Kalkaska,17824
Michigan,Montmorency,9265
Michigan,St. Joseph,61043
Michigan,Charlevoix,26244
Michigan,Mackinac,10787
Michigan,Washtenaw,370963
Michigan,Dickinson,25383
Michigan,Barry,61157
Michigan,St. Clair,159337
Michigan,Arenac,15041
Michigan,Tuscola,52516
Michigan,Oscoda,8276
Michigan,Wayne,1753893
Michigan,Roscommon,23884
Michigan,Alpena,28360
Michigan,Jackson,158823
Michigan,Saginaw,190800
Michigan,Missaukee,15113
Michigan,Genesee,406892
Michigan,Hillsdale,45749
Michigan,Cheboygan,25413
Michigan,Wexford,33466
Michigan,Berrien,154141
Michigan,Oceana,26625
Michigan,Oakland,1259201
Michigan,Lapeer,88028
Michigan,Cass,51653
Michigan,Allegan,117327
Michigan,Crawford,13901
Michigan,Bay,103923
Michigan,Emmet,33308
Michigan,Grand Traverse,92573
Michigan,Isabella,70562
Michigan,Houghton,36219
Michigan,Muskegon,173588
Michigan,Lake,11881
Michigan,Chippewa,37517
Michigan,Clinton,79332
Michigan,Manistee,24528
Michigan,Osceola,23341
Michigan,Ottawa,290494
Michigan,Lenawee,98266
Michigan,Ionia,64210
Michigan,Sanilac,41182
Michigan,Gogebic,15096
Michigan,Delta,35857
Michigan,Otsego,24665
Michigan,Montcalm,63968
Michigan,Monroe,150439
Michigan,Shiawassee,68192
Michigan,Iron,11117
Michigan,Ingham,292735
Michigan,Branch,43622
Michigan,Schoolcraft,8068
Michigan,Kalamazoo,264870
Michigan,Keweenaw,2113
Michigan,Ogemaw,20952
Michigan,Leelanau,21764
Michigan,Midland,83209
Michigan,Antrim,23365
Michigan,Ontonagon,5795
Michigan,Newaygo,48892
Michigan,Kent,653786
Michigan,Presque Isle,12738
Michigan,Luce,6283
Michigan,Van Buren,75448
Kansas,Wabaunsee,6899
Kansas,Stanton,1987
Kansas,Doniphan,7682
Kansas,Gray,6033
Kansas,Marion,11950
Kansas,Linn,9750
Kansas,Reno,62342
Kansas,Lincoln,3023
Kansas,Shawnee,177499
Kansas,Cowley,35218
Kansas,Saline,54401
Kansas,Logan,2844
Kansas,Chase,2629
Kansas,Lyon,33406
Kansas,Butler,66765
Kansas,Wyandotte,165324
Kansas,Sheridan,2533
Kansas,Smith,3603
Kansas,Brown,9598
Kansas,Clark,2005
Kansas,Rooks,5013
Kansas,Cherokee,20015
Kansas,Nemaha,10155
Kansas,Ford,33888
Kansas,Scott,4897
Kansas,Harper,5506
Kansas,Grant,7336
Kansas,Stafford,4178
Kansas,Pratt,9378
Kansas,Kingman,7310
Kansas,Rush,3093
Kansas,Greenwood,6055
Kansas,Greeley,1227
Kansas,Sedgwick,513607
Kansas,Jefferson,18975
Kansas,Marshall,9722
Kansas,Morton,2667
Kansas,Norton,5430
Kansas,Rawlins,2508
Kansas,Bourbon,14653
Kansas,Meade,4146
Kansas,Ellsworth,6196
Kansas,Wichita,2105
Kansas,Douglas,121436
Kansas,Kiowa,2516
Kansas,Seward,21780
Kansas,Haskell,3997
Kansas,Hodgeman,1818
Kansas,Osage,15941
Kansas,Russell,6907
Kansas,Decatur,2871
Kansas,Pottawatomie,24277
Kansas,Edwards,2849
Kansas,Sumner,22996
Kansas,Labette,19964
Kansas,Thomas,7711
Kansas,Republic,4664
Kansas,Osborne,3475
Kansas,Leavenworth,81352
Kansas,Ness,2840
Kansas,Jewell,2841
Kansas,Franklin,25631
Kansas,Allen,12444
Kansas,Johnson,597555
Kansas,Clay,7997
Kansas,Crawford,39019
Kansas,Coffey,8233
Kansas,Neosho,15951
Kansas,Gove,2612
Kansas,Washington,5420
Kansas,Woodson,3183
Kansas,Ottawa,5802
Kansas,Barber,4472
Kansas,McPherson,28537
Kansas,Montgomery,32120
Kansas,Ellis,28710
Kansas,Cloud,8729
Kansas,Stevens,5559
Kansas,Anderson,7878
Kansas,Barton,26111
Kansas,Miami,33680
Kansas,Dickinson,18717
Kansas,Trego,2793
Kansas,Pawnee,6562
Kansas,Jackson,13280
Kansas,Comanche,1748
Kansas,Graham,2492
Kansas,Atchison,16193
Kansas,Wallace,1503
Kansas,Geary,32594
Kansas,Riley,73703
Kansas,Harvey,34210
Kansas,Phillips,5317
Kansas,Finney,36611
Kansas,Sherman,5899
Kansas,Kearny,3943
Kansas,Elk,2508
Kansas,Rice,9531
Kansas,Wilson,8665
Kansas,Cheyenne,2660
Kansas,Hamilton,2607
Kansas,Lane,1560
Kansas,Chautauqua,3309
Kansas,Mitchell,6150
Kansas,Morris,5521
Utah,Wayne,2690
Utah,Beaver,6580
Utah,San Juan,15449
Utah,Duchesne,19964
Utah,Piute,1445
Utah,Daggett,980
Utah,Morgan,12045
Utah,Box Elder,54950
Utah,Davis,351713
Utah,Garfield,5080
Utah,Iron,52775
Utah,Tooele,69907
Utah,Carbon,20269
Utah,Washington,171700
Utah,Emery,10014
Utah,Weber,256359
Utah,Sanpete,30623
Utah,Millard,13006
Utah,Sevier,21539
Utah,Cache,127068
Utah,Grand,9764
Utah,Juab,11555
Utah,Utah,622213
Utah,Uintah,35438
Utah,Wasatch,33240
Utah,Summit,41933
Utah,Salt Lake,1152633
Utah,Rich,2464
Utah,Kane,7709
Virginia,Hanover,107239
Virginia,Chesapeake city,242634
Virginia,Madison,13295
Virginia,Hampton city,134313
Virginia,Manassas Park city,17307
Virginia,Page,23933
Virginia,Giles,16844
Virginia,Greensville,11627
Virginia,York,67846
Virginia,Craig,5064
Virginia,Covington city,5460
Virginia,Orange,36644
Virginia,Franklin city,8013
Virginia,Dinwiddie,28529
Virginia,Rockingham,81244
Virginia,Richmond city,228783
Virginia,Lynchburg city,82126
Virginia,Spotsylvania,134238
Virginia,Accomack,32412
Virginia,Augusta,75457
Virginia,Gloucester,37349
Virginia,Chesterfield,348556
Virginia,Brunswick,16384
Virginia,Northampton,11735
Virginia,Scott,21534
Virginia,Goochland,23244
Virginia,Surry,6474
Virginia,Stafford,149960
Virginia,Rockbridge,22752
Virginia,Nottoway,15420
Virginia,Middlesex,10769
Virginia,Fauquier,70675
Virginia,King William,16939
Virginia,Lunenburg,12086
Virginia,Powhatan,29189
Virginia,Campbell,54973
Virginia,Buena Vista city,6237
Virginia,Portsmouth city,94632
Virginia,Pulaski,34066
Virginia,Fairfax,1150795
Virginia,Henrico,329261
Virginia,Fredericksburg city,29144
Virginia,Northumberland,12147
Virginia,Essex,10919
Virginia,Colonial Heights city,17833
Virginia,Highland,2210
Virginia,Roanoke,94073
Virginia,Martinsville city,12902
Virginia,Amelia,13013
Virginia,Newport News city,178626
Virginia,Lancaster,10783
Virginia,Shenandoah,43497
Virginia,Lexington city,7136
Virginia,Pittsylvania,60949
Virginia,Staunton city,24922
Virginia,Richmond,9038
Virginia,Appomattox,15841
Virginia,Virginia Beach city,450189
Virginia,King and Queen,7042
Virginia,Dickenson,14523
Virginia,Alexandria city,160530
Virginia,Russell,26748
Virginia,Bedford,78747
Virginia,Bristol city,16482
Virginia,Alleghany,14910
Virginia,Culpeper,51859
Virginia,Warren,40003
Virginia,Norton city,3968
Virginia,Prince Edward,22950
Virginia,Westmoreland,17830
Virginia,Mathews,8802
Virginia,Emporia city,5121
Virginia,Halifax,34120
Virginia,Lee,23541
Virginia,Roanoke city,99920
Virginia,Petersburg city,31567
Virginia,Patrick,17673
Virginia,Fluvanna,26783
Virginia,Charlotte,11938
Virginia,Franklin,56195
Virginia,Grayson,15631
Virginia,New Kent,22391
Virginia,Henry,50953
Virginia,Sussex,11237
Virginia,Albemarle,108718
Virginia,Botetourt,33277
Virginia,Cumberland,9809
Virginia,Poquoson city,12190
Virginia,Mecklenburg,30650
Virginia,Isle of Wight,36953
Virginia,James City,76397
Virginia,Southampton,17586
Virginia,Smyth,30472
Virginia,Galax city,6423
Virginia,Floyd,15795
Virginia,Charlottesville city,48117
Virginia,Prince William,468011
Virginia,Norfolk city,244076
Virginia,Wythe,28754
Virginia,Montgomery,98985
Virginia,Charles City,6941
Virginia,Caroline,30772
Virginia,Salem city,25643
Virginia,Clarke,14523
Virginia,Loudoun,406850
Virginia,Harrisonburg city,54033
Virginia,Hopewell city,22596
Virginia,Buchanan,21221
Virginia,Bland,6293
Virginia,Tazewell,40855
Virginia,Arlington,237521
Virginia,Manassas city,41641
Virginia,Waynesboro city,22628
Virginia,Wise,38012
Virginia,Amherst,31666
Virginia,Bath,4292
Virginia,Carroll,29636
Virginia,Buckingham,16999
Virginia,Rappahannock,7252
Virginia,Frederick,88355
Virginia,Nelson,14836
Virginia,Greene,19779
Virginia,Radford city,18339
Virginia,Prince George,38082
Virginia,Fairfax city,24574
Virginia,Washington,54402
Virginia,Suffolk city,91185
Virginia,Williamsburg city,14896
Virginia,Danville city,40693
Virginia,King George,26575
Virginia,Louisa,36778
Virginia,Falls Church city,14772
Virginia,Winchester city,28108
Oregon,Polk,85234
Oregon,Yamhill,107002
Oregon,Jefferson,24192
Oregon,Josephine,87393
Oregon,Hood River,23428
Oregon,Klamath,67653
Oregon,Baker,16006
Oregon,Curry,22813
Oregon,Linn,127335
Oregon,Umatilla,77516
Oregon,Lincoln,49388
Oregon,Jackson,219564
Oregon,Marion,346868
Oregon,Tillamook,26787
Oregon,Wasco,26505
Oregon,Morrow,11372
Oregon,Malheur,30725
Oregon,Clatsop,39764
Oregon,Benton,92101
Oregon,Union,26461
Oregon,Coos,64389
Oregon,Lake,7879
Oregon,Washington,597695
Oregon,Douglas,110283
Oregon,Clackamas,416075
Oregon,Sherman,1708
Oregon,Crook,23867
Oregon,Gilliam,1894
Oregon,Harney,7329
Oregon,Deschutes,191996
Oregon,Columbia,52377
Oregon,Wheeler,1366
Oregon,Grant,7176
Oregon,Wallowa,7081
Oregon,Lane,379611
Oregon,Multnomah,811880
Connecticut,Tolland,150921
Connecticut,Fairfield,943823
Connecticut,New London,266784
Connecticut,Litchfield,181111
Connecticut,Hartford,892697
Connecticut,New Haven,857620
Connecticut,Windham,117027
Connecticut,Middlesex,162682
Montana,Pondera,5972
Montana,Daniels,1747
Montana,Jefferson,12097
Montana,Madison,8768
Montana,Hill,16347
Montana,Ravalli,43172
Montana,Sanders,11844
Montana,Chouteau,5745
Montana,Deer Lodge,9131
Montana,Meagher,1866
Montana,Wibaux,1034
Montana,Blaine,6807
Montana,Roosevelt,11059
Montana,Beaverhead,9404
Montana,Gallatin,111876
Montana,Valley,7437
Montana,Lewis and Clark,68700
Montana,Big Horn,13338
Montana,Lincoln,19794
Montana,Treasure,679
Montana,Mineral,4316
Montana,McCone,1675
Montana,Musselshell,4651
Montana,Silver Bow,34993
Montana,Powder River,1716
Montana,Garfield,1268
Montana,Granite,3378
Montana,Custer,11586
Montana,Carbon,10714
Montana,Petroleum,513
Montana,Cascade,81643
Montana,Fergus,11113
Montana,Rosebud,9063
Montana,Fallon,2920
Montana,Lake,30250
Montana,Golden Valley,826
Montana,Dawson,8680
Montana,Teton,6162
Montana,Carter,1238
Montana,Liberty,2430
Montana,Sheridan,3424
Montana,Yellowstone,160137
Montana,Powell,6968
Montana,Glacier,13747
Montana,Prairie,1087
Montana,Phillips,4074
Montana,Richland,10913
Montana,Broadwater,6085
Montana,Sweet Grass,3710
Montana,Stillwater,9534
Montana,Flathead,102106
Montana,Wheatland,2236
Montana,Park,16736
Montana,Toole,4853
Montana,Missoula,118791
Montana,Judith Basin,1952
California,Humboldt,136373
California,Sonoma,499942
California,San Luis Obispo,284010
California,Glenn,28047
California,Nevada,99696
California,Yolo,220408
California,Sacramento,1540975
California,Fresno,994400
California,Calaveras,45602
California,Marin,259666
California,Lassen,30802
California,Contra Costa,1150215
California,Yuba,78041
California,Del Norte,27828
California,San Mateo,769545
California,Mono,14250
California,Merced,274765
California,Santa Cruz,274255
California,Ventura,850967
California,Placer,393149
California,Inyo,17987
California,Stanislaus,549815
California,Orange,3185968
California,Trinity,12535
California,Alpine,1101
California,Madera,157672
California,Imperial,181827
California,Kings,151366
California,Mariposa,17471
California,San Benito,61537
California,Lake,64382
California,El Dorado,190678
California,Solano,446610
California,Los Angeles,10105518
California,San Diego,3343364
California,Alameda,1666753
California,Colusa,21627
California,Sierra,2987
California,Tehama,63916
California,Modoc,8777
California,Amador,39383
California,San Joaquin,752660
California,Siskiyou,43724
California,Riverside,2450758
California,San Francisco,883305
California,San Bernardino,2171603
California,Santa Clara,1937570
California,Tulare,465861
California,Shasta,180040
California,Santa Barbara,446527
California,Monterey,435594
California,Tuolumne,54539
California,Sutter,96807
California,Butte,231256
California,Kern,896764
California,Napa,139417
California,Mendocino,87606
California,Plumas,18804
Massachusetts,Hampden,470406
Massachusetts,Nantucket,11327
Massachusetts,Bristol,564022
Massachusetts,Berkshire,126348
Massachusetts,Worcester,830839
Massachusetts,Essex,790638
Massachusetts,Norfolk,705388
Massachusetts,Suffolk,807252
Massachusetts,Franklin,70963
Massachusetts,Barnstable,213413
Massachusetts,Dukes,17352
Massachusetts,Plymouth,518132
Massachusetts,Middlesex,1614714
Massachusetts,Hampshire,161355
West Virginia,Tyler,8746
West Virginia,Wayne,39944
West Virginia,Monroe,13280
West Virginia,Mason,26718
West Virginia,Calhoun,7254
West Virginia,Wirt,5830
West Virginia,Jefferson,56811
West Virginia,Kanawha,180454
West Virginia,Pleasants,7507
West Virginia,Marshall,30785
West Virginia,Greenbrier,34786
West Virginia,Preston,33839
West Virginia,Wood,84203
West Virginia,Upshur,24415
West Virginia,Monongalia,106420
West Virginia,Brooke,22203
West Virginia,Ritchie,9721
West Virginia,Marion,56097
West Virginia,Hancock,29094
West Virginia,Cabell,93224
West Virginia,Wyoming,20786
West Virginia,Lincoln,20599
West Virginia,Jackson,28706
West Virginia,Mineral,26940
West Virginia,Randolph,28823
West Virginia,Mingo,23785
West Virginia,Summers,12760
West Virginia,Logan,32607
West Virginia,Mercer,59131
West Virginia,Ohio,41755
West Virginia,Clay,8632
West Virginia,Roane,13932
West Virginia,Raleigh,74254
West Virginia,Boone,21951
West Virginia,Taylor,16862
West Virginia,Berkeley,117123
West Virginia,Wetzel,15270
West Virginia,Doddridge,8406
West Virginia,Harrison,67554
West Virginia,Putnam,56682
West Virginia,Barbour,16535
West Virginia,Hardy,13775
West Virginia,Hampshire,23347
West Virginia,Morgan,17787
West Virginia,Tucker,6955
West Virginia,Lewis,16024
West Virginia,Fayette,43018
West Virginia,Gilmer,8026
West Virginia,Nicholas,24842
West Virginia,Grant,11626
West Virginia,Braxton,14089
West Virginia,Pendleton,6997
West Virginia,Webster,8285
West Virginia,McDowell,18223
West Virginia,Pocahontas,8414
South Carolina,Sumter,106512
South Carolina,Calhoun,14520
South Carolina,Colleton,37660
South Carolina,Greenville,514213
South Carolina,Dillon,30599
South Carolina,Hampton,19351
South Carolina,Lee,17142
South Carolina,Anderson,200482
South Carolina,Edgefield,27052
South Carolina,Jasper,28971
South Carolina,Charleston,405905
South Carolina,Dorchester,160647
South Carolina,Bamberg,14275
South Carolina,Darlington,66802
South Carolina,Fairfield,22402
South Carolina,Marion,31039
South Carolina,Lexington,295032
South Carolina,Allendale,8903
South Carolina,Marlboro,26398
South Carolina,Chester,32251
South Carolina,Williamsburg,30606
South Carolina,Union,27410
South Carolina,Berkeley,221091
South Carolina,York,274118
South Carolina,Orangeburg,86934
South Carolina,Lancaster,95380
South Carolina,Horry,344147
South Carolina,Abbeville,24541
South Carolina,Cherokee,57078
South Carolina,McCormick,9410
South Carolina,Florence,138159
South Carolina,Clarendon,33700
South Carolina,Chesterfield,45754
South Carolina,Spartanburg,313888
South Carolina,Richland,414576
South Carolina,Beaufort,188715
South Carolina,Saluda,20544
South Carolina,Kershaw,65592
South Carolina,Aiken,169401
South Carolina,Barnwell,21112
South Carolina,Oconee,78374
South Carolina,Pickens,124937
South Carolina,Newberry,38520
South Carolina,Georgetown,62249
South Carolina,Greenwood,70741
South Carolina,Laurens,66994
New Hampshire,Rockingham,309176
New Hampshire,Grafton,89786
New Hampshire,Carroll,48779
New Hampshire,Strafford,130090
New Hampshire,Coos,31589
New Hampshire,Belknap,61022
New Hampshire,Cheshire,76493
New Hampshire,Hillsborough,415247
New Hampshire,Sullivan,43144
New Hampshire,Merrimack,151132
Wisconsin,Waupaca,51128
Wisconsin,Menominee,4658
Wisconsin,Sheboygan,115456
Wisconsin,Green,36929
Wisconsin,Kenosha,169290
Wisconsin,Jefferson,85129
Wisconsin,La Crosse,118230
Wisconsin,Pepin,7289
Wisconsin,Sawyer,16489
Wisconsin,Lafayette,16665
Wisconsin,Outagamie,187365
Wisconsin,Manitowoc,79074
Wisconsin,Wood,73055
Wisconsin,Buffalo,13125
Wisconsin,Marquette,15434
Wisconsin,Calumet,50159
Wisconsin,Eau Claire,104534
Wisconsin,Adams,20348
Wisconsin,Marinette,40434
Wisconsin,Waukesha,403072
Wisconsin,Polk,43598
Wisconsin,Marathon,135428
Wisconsin,Ozaukee,89147
Wisconsin,Burnett,15392
Wisconsin,Ashland,15600
Wisconsin,Lincoln,27689
Wisconsin,Jackson,20478
Wisconsin,Rusk,14147
Wisconsin,Green Lake,18918
Wisconsin,Kewaunee,20383
Wisconsin,Shawano,40796
Wisconsin,Vilas,21938
Wisconsin,Rock,163129
Wisconsin,Barron,45164
Wisconsin,Pierce,42555
Wisconsin,Door,27610
Wisconsin,Winnebago,171020
Wisconsin,Walworth,103718
Wisconsin,Taylor,20412
Wisconsin,Milwaukee,948201
Wisconsin,Dodge,87847
Wisconsin,Chippewa,64135
Wisconsin,Washington,135693
Wisconsin,Brown,263378
Wisconsin,Clark,34709
Wisconsin,Sauk,64249
Wisconsin,Dunn,45131
Wisconsin,Oneida,35470
Wisconsin,Racine,196584
Wisconsin,Juneau,26617
Wisconsin,Douglas,43208
Wisconsin,Florence,4321
Wisconsin,Oconto,37830
Wisconsin,Monroe,46051
Wisconsin,Bayfield,15042
Wisconsin,Richland,17377
Wisconsin,Iron,5676
Wisconsin,Columbia,57358
Wisconsin,Price,13397
Wisconsin,Portage,70942
Wisconsin,Vernon,30785
Wisconsin,Grant,51554
Wisconsin,Crawford,16291
Wisconsin,Washburn,15878
Wisconsin,Iowa,23771
Wisconsin,Trempealeau,29442
Wisconsin,Fond du Lac,103066
Wisconsin,St. Croix,89694
Wisconsin,Langlade,19268
Wisconsin,Waushara,24263
Wisconsin,Forest,8991
Wisconsin,Dane,542364
Vermont,Caledonia,30302
Vermont,Chittenden,164572
Vermont,Essex,6250
Vermont,Windham,42756
Vermont,Lamoille,25300
Vermont,Addison,36973
Vermont,Washington,58140
Vermont,Franklin,49421
Vermont,Bennington,35631
Vermont,Windsor,55286
Vermont,Orange,28999
Vermont,Grand Isle,7090
Vermont,Orleans,26907
Vermont,Rutland,58672
Georgia,Monroe,27520
Georgia,Taliaferro,1608
Georgia,Forsyth,236612
Georgia,Taylor,8039
Georgia,Madison,29650
Georgia,Tift,40571
Georgia,Webster,2611
Georgia,Wilcox,8812
Georgia,McDuffie,21531
Georgia,Colquitt,45592
Georgia,Peach,27297
Georgia,Camden,53677
Georgia,Stewart,6199
Georgia,Talbot,6272
Georgia,Lincoln,7915
Georgia,Laurens,47325
Georgia,Pike,18634
Georgia,Pierce,19389
Georgia,Murray,39921
Georgia,Heard,11879
Georgia,Berrien,19252
Georgia,Whitfield,104062
Georgia,Jenkins,8683
Georgia,Seminole,8315
Georgia,Dade,16226
Georgia,Stephens,26035
Georgia,Gwinnett,927781
Georgia,Bleckley,12838
Georgia,Tattnall,25391
Georgia,Evans,10721
Georgia,Macon,13143
Georgia,Burke,22423
Georgia,McIntosh,14340
Georgia,Cherokee,254149
Georgia,Hall,202148
Georgia,Atkinson,8297
Georgia,Wilkinson,9036
Georgia,Lumpkin,32955
Georgia,Columbia,154291
Georgia,Screven,13938
Georgia,Wheeler,7879
Georgia,White,29970
Georgia,Dooly,13706
Georgia,Pickens,31980
Georgia,Baldwin,44823
Georgia,Walker,69410
Georgia,Terrell,8611
Georgia,Effingham,62190
Georgia,Dougherty,91243
Georgia,Chattahoochee,10684
Georgia,Jefferson,15430
Georgia,Spalding,66100
Georgia,Hart,26099
Georgia,Twiggs,8188
Georgia,Pulaski,11069
Georgia,Toombs,26887
Georgia,Harris,34475
Georgia,Jasper,14040
Georgia,Lamar,19000
Georgia,Morgan,18853
Georgia,Bryan,38109
Georgia,Marion,8351
Georgia,Banks,18988
Georgia,Brantley,18897
Georgia,Quitman,2279
Georgia,Dawson,25083
Georgia,Barrow,80809
Georgia,Ben Hill,16787
Georgia,Douglas,145331
Georgia,Liberty,61497
Georgia,Randolph,6833
Georgia,Richmond,201554
Georgia,Clayton,289615
Georgia,Fayette,113459
Georgia,Gilmer,30816
Georgia,DeKalb,756558
Georgia,Paulding,164044
Georgia,Decatur,26575
Georgia,Warren,5251
Georgia,Clinch,6648
Georgia,Wayne,29808
Georgia,Jeff Davis,15029
Georgia,Meriwether,21068
Georgia,Thomas,44448
Georgia,Glynn,85219
Georgia,Long,18998
Georgia,Treutlen,6809
Georgia,Lee,29764
Georgia,Candler,10836
Georgia,Baker,3092
Georgia,Sumter,29733
Georgia,Telfair,15876
Georgia,Fulton,1050114
Georgia,Bulloch,77296
Georgia,Oglethorpe,15054
Georgia,Lanier,10340
Georgia,Schley,5236
Georgia,Rabun,16867
Georgia,Franklin,23023
Georgia,Lowndes,116321
Georgia,Chattooga,24790
Georgia,Johnson,9708
Georgia,Clay,2887
Georgia,Muscogee,194160
Georgia,Appling,18507
Georgia,Bibb,153095
Georgia,Crawford,12318
Georgia,Bartow,106408
Georgia,Towns,11852
Georgia,Washington,20386
Georgia,Emanuel,22612
Georgia,Habersham,45388
Georgia,Putnam,21809
Georgia,Charlton,12968
Georgia,Floyd,97927
Georgia,Butts,24193
Georgia,Grady,24748
Georgia,Catoosa,67420
Georgia,Elbert,19120
Georgia,Haralson,29533
Georgia,Worth,20299
Georgia,Oconee,39272
Georgia,Brooks,15513
Georgia,Montgomery,9193
Georgia,Miller,5686
Georgia,Cobb,756865
Georgia,Newton,109541
Georgia,Turner,7912
Georgia,Polk,42470
Georgia,Calhoun,6352
Georgia,Clarke,127330
Georgia,Irwin,9398
Georgia,Early,10247
Georgia,Fannin,25964
Georgia,Hancock,8348
Georgia,Carroll,118121
Georgia,Jones,28616
Georgia,Jackson,70422
Georgia,Crisp,22601
Georgia,Henry,230220
Georgia,Glascock,2995
Georgia,Coweta,145864
Georgia,Gordon,57685
Georgia,Troup,70034
Georgia,Greene,17698
Georgia,Dodge,20705
Georgia,Ware,35680
Georgia,Coffee,43093
Georgia,Houston,155469
Georgia,Rockdale,90594
Georgia,Echols,4000
Georgia,Union,24001
Georgia,Wilkes,9876
Georgia,Upson,26215
Georgia,Bacon,11185
Georgia,Cook,17162
Georgia,Walton,93503
Georgia,Chatham,289195
Georgia,Mitchell,22192
North Dakota,Renville,2374
North Dakota,LaMoure,4062
North Dakota,Stutsman,20917
North Dakota,Eddy,2313
North Dakota,Slope,763
North Dakota,Emmons,3295
North Dakota,Traill,8037
North Dakota,Griggs,2232
North Dakota,Morton,31095
North Dakota,Towner,2192
North Dakota,Williams,35350
North Dakota,Dickey,4903
North Dakota,Ramsey,11481
North Dakota,Adams,2294
North Dakota,Bowman,3076
North Dakota,Sioux,4358
North Dakota,Ward,67744
North Dakota,McLean,9541
North Dakota,Burleigh,95273
North Dakota,Steele,1903
North Dakota,Cavalier,3829
North Dakota,Mountrail,10218
North Dakota,Bottineau,6411
North Dakota,Ransom,5237
North Dakota,Logan,1903
North Dakota,Mercer,8267
North Dakota,Foster,3216
North Dakota,McHenry,5816
North Dakota,Cass,181516
North Dakota,Benson,6962
North Dakota,Nelson,2869
North Dakota,Pierce,4081
North Dakota,Billings,919
North Dakota,Golden Valley,1769
North Dakota,Divide,2283
North Dakota,Stark,30997
North Dakota,Dunn,4332
North Dakota,Rolette,14301
North Dakota,Burke,2100
North Dakota,McIntosh,2585
North Dakota,Barnes,10542
North Dakota,Sheridan,1349
North Dakota,Kidder,2450
North Dakota,Sargent,3870
North Dakota,Richland,16239
North Dakota,McKenzie,13632
North Dakota,Walsh,10667
North Dakota,Wells,3957
North Dakota,Oliver,1952
North Dakota,Grant,2374
North Dakota,Grand Forks,70770
North Dakota,Hettinger,2514
North Dakota,Pembina,6947
Pennsylvania,Wayne,51276
Pennsylvania,Luzerne,317646
Pennsylvania,Westmoreland,350611
Pennsylvania,Allegheny,1218452
Pennsylvania,Wyoming,27046
Pennsylvania,Jefferson,43641
Pennsylvania,Cameron,4492
Pennsylvania,Beaver,164742
Pennsylvania,Erie,272061
Pennsylvania,McKean,40968
Pennsylvania,Monroe,169507
Pennsylvania,Susquehanna,40589
Pennsylvania,Adams,102811
Pennsylvania,Schuylkill,142067
Pennsylvania,Perry,46139
Pennsylvania,York,448273
Pennsylvania,Fulton,14523
Pennsylvania,Cumberland,251423
Pennsylvania,Lebanon,141314
Pennsylvania,Delaware,564751
Pennsylvania,Potter,16622
Pennsylvania,Pike,55933
Pennsylvania,Lycoming,113664
Pennsylvania,Northumberland,91083
Pennsylvania,Berks,420152
Pennsylvania,Franklin,154835
Pennsylvania,Mercer,110683
Pennsylvania,Bucks,628195
Pennsylvania,Lawrence,86184
Pennsylvania,Butler,187888
Pennsylvania,Indiana,84501
Pennsylvania,Crawford,85063
Pennsylvania,Chester,522046
Pennsylvania,Venango,51266
Pennsylvania,Greene,36506
Pennsylvania,Clearfield,79388
Pennsylvania,Clarion,38779
Pennsylvania,Blair,122492
Pennsylvania,Carbon,64227
Pennsylvania,Montour,18240
Pennsylvania,Clinton,38684
Pennsylvania,Tioga,40763
Pennsylvania,Washington,207346
Pennsylvania,Bradford,60833
Pennsylvania,Centre,162805
Pennsylvania,Dauphin,277097
Pennsylvania,Sullivan,6071
Pennsylvania,Lehigh,368100
Pennsylvania,Northampton,304807
Pennsylvania,Cambria,131730
Pennsylvania,Lancaster,543557
Pennsylvania,Juniata,24704
Pennsylvania,Union,44785
Pennsylvania,Lackawanna,210793
Pennsylvania,Columbia,65456
Pennsylvania,Fayette,130441
Pennsylvania,Armstrong,65263
Pennsylvania,Elk,30169
Pennsylvania,Huntingdon,45168
Pennsylvania,Snyder,40540
Pennsylvania,Bedford,48176
Pennsylvania,Montgomery,828604
Pennsylvania,Mifflin,46222
Pennsylvania,Warren,39498
Pennsylvania,Philadelphia,1584138
Pennsylvania,Forest,7279
Pennsylvania,Somerset,73952
Florida,Monroe,75027
Florida,Martin,160912
Florida,Polk,708009
Florida,Calhoun,14587
Florida,Escambia,315534
Florida,Hillsborough,1436888
Florida,Gilchrist,18256
Florida,Lafayette,8732
Florida,Manatee,394855
Florida,Dixie,16700
Florida,Lee,754610
Florida,Levy,40770
Florida,Gadsden,45894
Florida,Okaloosa,207269
Florida,Baker,28355
Florida,Marion,359977
Florida,Sumter,128754
Florida,Pasco,539630
Florida,St. Johns,254261
Florida,Leon,292502
Florida,Miami-Dade,2761581
Florida,Okeechobee,41537
Florida,Nassau,85832
Florida,Jackson,48305
Florida,Charlotte,184998
Florida,Hendry,41556
Florida,Hardee,27245
Florida,Jefferson,14288
Florida,Franklin,11736
Florida,Hernando,190865
Florida,Clay,216072
Florida,Orange,1380645
Florida,Seminole,467832
Florida,Brevard,596849
Florida,Glades,13724
Florida,Wakulla,32461
Florida,Bay,185287
Florida,Alachua,269956
Florida,Madison,18529
Florida,Taylor,21623
Florida,Citrus,147929
Florida,Lake,356495
Florida,Washington,24880
Florida,Liberty,8457
Florida,Osceola,367990
Florida,Bradford,27732
Florida,Broward,1951260
Florida,Sarasota,426718
Florida,Highlands,105424
Florida,Collier,378488
Florida,Putnam,74163
Florida,Volusia,547538
Florida,Indian River,157413
Florida,Union,14940
Florida,Suwannee,44191
Florida,Columbia,70503
Florida,Holmes,19477
Florida,Duval,950181
Florida,Flagler,112067
Florida,Gulf,16164
Florida,St. Lucie,321128
Florida,Palm Beach,1485941
Florida,Walton,71375
Florida,Hamilton,14310
Florida,DeSoto,37489
Florida,Santa Rosa,179349
Florida,Pinellas,975280
Alaska,Southeast Fairbanks Census Area,6918
Alaska,Northwest Arctic Borough,7671
Alaska,Haines Borough,2474
Alaska,North Slope Borough,9872
Alaska,Denali Borough,2059
Alaska,Anchorage Municipality,291538
Alaska,Juneau City and Borough,32113
Alaska,Dillingham Census Area,5000
Alaska,Ketchikan Gateway Borough,13918
Alaska,Kodiak Island Borough,13345
Alaska,Bristol Bay Borough,877
Alaska,Bethel Census Area,18216
Alaska,Aleutians East Borough,3515
Alaska,Nome Census Area,10008
Alaska,Petersburg Borough,3221
Alaska,Skagway Municipality,1148
Alaska,Aleutians West Census Area,5723
Alaska,Yakutat City and Borough,604
Alaska,Kusilvak Census Area,8303
Alaska,Hoonah-Angoon Census Area,2151
Alaska,Prince of Wales-Hyder Census Area,6422
Alaska,Yukon-Koyukuk Census Area,5327
Alaska,Valdez-Cordova Census Area,9164
Alaska,Sitka City and Borough,8647
Alaska,Lake and Peninsula Borough,1587
Alaska,Wrangell City and Borough,2503
Alaska,Fairbanks North Star Borough,98971
Alaska,Matanuska-Susitna Borough,107610
Alaska,Kenai Peninsula Borough,58533
Kentucky,Monroe,10718
Kentucky,Green,11049
Kentucky,Taylor,25549
Kentucky,Laurel,60669
Kentucky,Madison,92368
Kentucky,Knott,15126
Kentucky,Breckinridge,20388
Kentucky,Todd,12311
Kentucky,Marion,19404
Kentucky,Knox,31304
Kentucky,Gallatin,8832
Kentucky,Crittenden,8915
Kentucky,Lincoln,24644
Kentucky,Hardin,110356
Kentucky,Pike,58402
Kentucky,Logan,26989
Kentucky,Lyon,8009
Kentucky,Lawrence,15571
Kentucky,Butler,12772
Kentucky,Harlan,26409
Kentucky,Boone,131533
Kentucky,Clinton,10206
Kentucky,Greenup,35268
Kentucky,Larue,14307
Kentucky,Spencer,18794
Kentucky,Oldham,66470
Kentucky,Christian,71671
Kentucky,Scott,56031
Kentucky,Grant,25121
Kentucky,Graves,37317
Kentucky,Bourbon,20184
Kentucky,Robertson,2135
Kentucky,Breathitt,12726
Kentucky,Owen,10880
Kentucky,Livingston,9242
Kentucky,Mason,17150
Kentucky,Jefferson,770517
Kentucky,Campbell,93152
Kentucky,Hart,18906
Kentucky,Marshall,31191
Kentucky,Pulaski,64623
Kentucky,Anderson,22663
Kentucky,Hopkins,45068
Kentucky,Casey,15888
Kentucky,Leslie,10143
Kentucky,Garrard,17560
Kentucky,Bracken,8239
Kentucky,Morgan,13345
Kentucky,Perry,26092
Kentucky,Simpson,18529
Kentucky,Meade,28715
Kentucky,Trigg,14643
Kentucky,Whitley,36242
Kentucky,Johnson,22386
Kentucky,Powell,12442
Kentucky,Boyle,30100
Kentucky,Caldwell,12715
Kentucky,Muhlenberg,30774
Kentucky,Menifee,6451
Kentucky,Fayette,323780
Kentucky,Russell,17821
Kentucky,Elliott,7508
Kentucky,Shelby,48518
Kentucky,Warren,131264
Kentucky,Letcher,21899
Kentucky,Martin,11323
Kentucky,Edmonson,12274
Kentucky,McCracken,65346
Kentucky,Lee,7033
Kentucky,Fulton,6120
Kentucky,Ballard,7979
Kentucky,Woodford,26533
Kentucky,McLean,9252
Kentucky,Carlisle,4771
Kentucky,Franklin,50815
Kentucky,Mercer,21774
Kentucky,Allen,21122
Kentucky,Grayson,26321
Kentucky,Clay,20105
Kentucky,Henry,16106
Kentucky,Rowan,24583
Kentucky,Cumberland,6659
Kentucky,Kenton,166051
Kentucky,Boyd,47240
Kentucky,Washington,12084
Kentucky,Carter,27004
Kentucky,Estill,14198
Kentucky,Wolfe,7177
Kentucky,Harrison,18778
Kentucky,Floyd,35845
Kentucky,Daviess,101104
Kentucky,Rockcastle,16750
Kentucky,Montgomery,28203
Kentucky,Barren,44176
Kentucky,Webster,13111
Kentucky,Wayne,20468
Kentucky,Owsley,4472
Kentucky,Calloway,39135
Kentucky,Henderson,45591
Kentucky,Bath,12383
Kentucky,Adair,19215
Kentucky,Hancock,8758
Kentucky,Carroll,10737
Kentucky,Lewis,13257
Kentucky,Jackson,13442
Kentucky,McCreary,17408
Kentucky,Fleming,14432
Kentucky,Trimble,8515
Kentucky,Ohio,24087
Kentucky,Nelson,45851
Kentucky,Bullitt,81069
Kentucky,Bell,26569
Kentucky,Jessamine,53920
Kentucky,Metcalfe,10030
Kentucky,Clark,36249
Kentucky,Union,14505
Kentucky,Hickman,4421
Kentucky,Pendleton,14529
Kentucky,Magoffin,12362
Kentucky,Nicholas,7166
Hawaii,Maui,167207
Hawaii,Honolulu,980080
Hawaii,Kalawao,88
Hawaii,Hawaii,200983
Hawaii,Kauai,72133
Nebraska,Red Willow,10726
Nebraska,Madison,35392
Nebraska,Stanton,5970
Nebraska,Sarpy,184459
Nebraska,Adams,31511
Nebraska,Nance,3532
Nebraska,Blaine,476
Nebraska,Knox,8419
Nebraska,York,13772
Nebraska,Fillmore,5527
Nebraska,Lincoln,35185
Nebraska,Gosper,1996
Nebraska,Furnas,4715
Nebraska,Pierce,7142
Nebraska,Saline,14350
Nebraska,Logan,749
Nebraska,Chase,3977
Nebraska,Box Butte,10772
Nebraska,Keya Paha,810
Nebraska,Butler,8058
Nebraska,Custer,10840
Nebraska,Harlan,3401
Nebraska,Boone,5239
Nebraska,Scotts Bluff,35989
Nebraska,Sheridan,5190
Nebraska,Otoe,15985
Nebraska,Dawson,23709
Nebraska,Brown,2973
Nebraska,Dakota,20083
Nebraska,Nemaha,6958
Nebraska,Dixon,5709
Nebraska,Grant,660
Nebraska,Howard,6468
Nebraska,Deuel,1825
Nebraska,Greeley,2356
Nebraska,Jefferson,7097
Nebraska,Colfax,10881
Nebraska,Garden,1897
Nebraska,Sioux,1187
Nebraska,Burt,6488
Nebraska,Richardson,7937
Nebraska,Antelope,6336
Nebraska,Garfield,1987
Nebraska,Phelps,8996
Nebraska,Holt,10178
Nebraska,Keith,8021
Nebraska,Dundy,1770
Nebraska,Hayes,916
Nebraska,Nuckolls,4195
Nebraska,Douglas,566880
Nebraska,Lancaster,317272
Nebraska,Seward,17318
Nebraska,Frontier,2608
Nebraska,Valley,4190
Nebraska,Platte,33363
Nebraska,Arthur,465
Nebraska,Thomas,720
Nebraska,Buffalo,49615
Nebraska,Hooker,682
Nebraska,Merrick,7733
Nebraska,Cedar,8446
Nebraska,Dawes,8716
Nebraska,Franklin,3023
Nebraska,Johnson,5134
Nebraska,Clay,6214
Nebraska,Loup,618
Nebraska,Boyd,1955
Nebraska,Washington,20667
Nebraska,Rock,1360
Nebraska,Kimball,3618
Nebraska,Cherry,5761
Nebraska,McPherson,492
Nebraska,Wheeler,805
Nebraska,Webster,3533
Nebraska,Wayne,9403
Nebraska,Saunders,21303
Nebraska,Polk,5278
Nebraska,Thayer,5039
Nebraska,Kearney,6544
Nebraska,Morrill,4686
Nebraska,Pawnee,2632
Nebraska,Perkins,2929
Nebraska,Thurston,7303
Nebraska,Gage,21493
Nebraska,Hall,61607
Nebraska,Cass,26159
Nebraska,Banner,730
Nebraska,Dodge,36791
Nebraska,Cuming,8940
Nebraska,Hitchcock,2806
Nebraska,Sherman,3038
Nebraska,Cheyenne,9310
Nebraska,Hamilton,9280
Missouri,Monroe,8664
Missouri,St. Clair,9395
Missouri,Madison,12188
Missouri,Cole,76796
Missouri,Chariton,7451
Missouri,Camden,45815
Missouri,Linn,12037
Missouri,Knox,3947
Missouri,Ralls,10212
Missouri,Lincoln,57686
Missouri,Pike,18504
Missouri,Saline,22895
Missouri,Bates,16320
Missouri,Lawrence,38359
Missouri,Butler,42639
Missouri,Howell,40076
Missouri,Boone,180005
Missouri,Dade,7569
Missouri,Benton,19278
Missouri,Clinton,20470
Missouri,Clark,6842
Missouri,Webster,39109
Missouri,Mississippi,13336
Missouri,Macon,15153
Missouri,Christian,86983
Missouri,Iron,10177
Missouri,Scott,38458
Missouri,St. Louis,996945
Missouri,Laclede,35713
Missouri,Dunklin,29423
Missouri,McDonald,23078
Missouri,Livingston,15146
Missouri,Barry,35886
Missouri,Jefferson,224347
Missouri,St. Francois,66692
Missouri,Pulaski,52014
Missouri,Cape Girardeau,78753
Missouri,New Madrid,17296
Missouri,Jasper,120636
Missouri,Vernon,20528
Missouri,Stoddard,29206
Missouri,Morgan,20358
Missouri,Lafayette,32598
Missouri,Marion,28592
Missouri,Perry,19150
Missouri,Howard,10137
Missouri,Phelps,44732
Missouri,Holt,4404
Missouri,Douglas,13373
Missouri,Pemiscot,16272
Missouri,Gasconade,14705
Missouri,Texas,25571
Missouri,Caldwell,9108
Missouri,Randolph,24763
Missouri,Ozark,9017
Missouri,Osage,13714
Missouri,DeKalb,12630
Missouri,Scotland,4966
Missouri,Oregon,10541
Missouri,Shelby,6050
Missouri,Platte,102985
Missouri,Sullivan,6221
Missouri,Warren,34711
Missouri,Wayne,13122
Missouri,Stone,31749
Missouri,Callaway,44889
Missouri,Gentry,6628
Missouri,Cedar,14165
Missouri,Audrain,25473
Missouri,Reynolds,6254
Missouri,Ray,22883
Missouri,Franklin,103670
Missouri,Mercer,3641
Missouri,Johnson,53652
Missouri,Clay,246365
Missouri,Henry,21792
Missouri,Crawford,23957
Missouri,St. Charles,399182
Missouri,Barton,11798
Missouri,Washington,24943
Missouri,Carter,6054
Missouri,Harrison,8414
Missouri,Putnam,4757
Missouri,Andrew,17607
Missouri,Daviess,8313
Missouri,St. Louis city,302838
Missouri,Montgomery,11534
Missouri,Miller,25336
Missouri,Nodaway,22304
Missouri,Taney,55852
Missouri,Newton,58266
Missouri,Moniteau,16121
Missouri,Polk,32201
Missouri,Schuyler,4599
Missouri,Maries,8769
Missouri,Buchanan,88571
Missouri,Wright,18378
Missouri,Bollinger,12169
Missouri,Grundy,9914
Missouri,Adair,25339
Missouri,Pettis,42542
Missouri,Carroll,8743
Missouri,Lewis,9855
Missouri,Jackson,700307
Missouri,Hickory,9509
Missouri,Cass,104954
Missouri,Atchison,5171
Missouri,Dent,15441
Missouri,Greene,291923
Missouri,Ste. Genevieve,17888
Missouri,Worth,2040
Missouri,Cooper,17603
Missouri,Dallas,16762
Missouri,Ripley,13401
Missouri,Shannon,8189
Ohio,Pickaway,58086
Ohio,Monroe,13790
Ohio,Madison,44413
Ohio,Tuscarawas,92176
Ohio,Williams,36804
Ohio,Adams,27724
Ohio,Marion,65256
Ohio,Knox,61893
Ohio,Champaign,38754
Ohio,Fairfield,155782
Ohio,Hardin,31480
Ohio,Pike,28067
Ohio,Logan,45358
Ohio,Columbiana,102665
Ohio,Lawrence,59866
Ohio,Butler,382378
Ohio,Defiance,38165
Ohio,Trumbull,198627
Ohio,Clinton,42057
Ohio,Brown,43602
Ohio,Clark,134585
Ohio,Ross,76931
Ohio,Holmes,43892
Ohio,Huron,58504
Ohio,Coshocton,36629
Ohio,Medina,179146
Ohio,Guernsey,39022
Ohio,Mahoning,229642
Ohio,Athens,65818
Ohio,Jefferson,65767
Ohio,Erie,74615
Ohio,Wood,130696
Ohio,Belmont,67505
Ohio,Ashland,53745
Ohio,Morgan,14604
Ohio,Clermont,205466
Ohio,Perry,36033
Ohio,Highland,43058
Ohio,Lake,230514
Ohio,Noble,14354
Ohio,Meigs,23106
Ohio,Cuyahoga,1243857
Ohio,Fayette,28666
Ohio,Portage,162927
Ohio,Preble,40997
Ohio,Paulding,18760
Ohio,Shelby,48627
Ohio,Warren,232173
Ohio,Darke,51323
Ohio,Stark,371574
Ohio,Muskingum,86183
Ohio,Licking,175769
Ohio,Gallia,29979
Ohio,Fulton,42276
Ohio,Wyandot,21935
Ohio,Delaware,204826
Ohio,Franklin,1310300
Ohio,Van Wert,28281
Ohio,Mercer,40959
Ohio,Allen,102663
Ohio,Scioto,75502
Ohio,Henry,27086
Ohio,Crawford,41550
Ohio,Morrow,35112
Ohio,Washington,60155
Ohio,Ottawa,40769
Ohio,Harrison,15174
Ohio,Putnam,33780
Ohio,Seneca,55207
Ohio,Sandusky,58799
Ohio,Montgomery,532331
Ohio,Summit,541918
Ohio,Wayne,115967
Ohio,Lucas,429899
Ohio,Lorain,309461
Ohio,Miami,106222
Ohio,Hancock,75930
Ohio,Carroll,27081
Ohio,Jackson,32384
Ohio,Geauga,94031
Ohio,Greene,167995
Ohio,Vinton,13139
Ohio,Union,57835
Ohio,Richland,121099
Ohio,Hocking,28385
Ohio,Hamilton,816684
Ohio,Ashtabula,97493
Ohio,Auglaize,45804
Alabama,Autauga,55601
Alabama,Conecuh,12277
Alabama,Monroe,21067
Alabama,St. Clair,88690
Alabama,Colbert,54762
Alabama,Calhoun,114277
Alabama,Clarke,23920
Alabama,Escambia,36748
Alabama,Madison,366519
Alabama,Marengo,19066
Alabama,Marshall,96109
Alabama,Cullman,83442
Alabama,Lee,163941
Alabama,Chilton,44153
Alabama,Marion,29763
Alabama,Montgomery,225763
Alabama,Perry,9140
Alabama,Lamar,13844
Alabama,Winston,23660
Alabama,Sumter,12691
Alabama,Mobile,413757
Alabama,Morgan,119089
Alabama,Jackson,51736
Alabama,Pike,33338
Alabama,Randolph,22725
Alabama,Bullock,10138
Alabama,Jefferson,659300
Alabama,Franklin,31363
Alabama,Lowndes,9974
Alabama,Washington,16378
Alabama,Clay,13275
Alabama,Butler,19680
Alabama,Geneva,26314
Alabama,Bibb,22400
Alabama,Greene,8233
Alabama,Crenshaw,13824
Alabama,Shelby,215707
Alabama,Dale,48956
Alabama,Covington,36986
Alabama,Hale,14726
Alabama,Coffee,51909
Alabama,Lawrence,32957
Alabama,Houston,104722
Alabama,Macon,18439
Alabama,Etowah,102501
Alabama,Lauderdale,92387
Alabama,Limestone,96174
Alabama,Cherokee,26032
Alabama,Blount,57840
Alabama,Barbour,24881
Alabama,Wilcox,10627
Alabama,Elmore,81887
Alabama,Coosa,10715
Alabama,Fayette,16433
Alabama,Chambers,33615
Alabama,Choctaw,12841
Alabama,Henry,17209
Alabama,DeKalb,71385
Alabama,Tallapoosa,40497
Alabama,Russell,57781
Alabama,Pickens,19938
Alabama,Dallas,38310
Alabama,Baldwin,218022
Alabama,Tuscaloosa,208911
Alabama,Walker,63711
Alabama,Talladega,79828
Alabama,Cleburne,14987
New York,Livingston,63227
New York,Wayne,90064
New York,Monroe,742474
New York,Wyoming,40085
New York,Warren,64265
New York,Rockland,325695
New York,Jefferson,111755
New York,Yates,24841
New York,Schuyler,17912
New York,Madison,70795
New York,Erie,919719
New York,Dutchess,293718
New York,Schenectady,155350
New York,Onondaga,461809
New York,Broome,191659
New York,Saratoga,230163
New York,Niagara,210433
New York,St. Lawrence,108047
New York,Fulton,53591
New York,Lewis,26447
New York,Oswego,117898
New York,Allegany,46430
New York,Chemung,84254
New York,Delaware,44527
New York,Essex,37300
New York,Genesee,57511
New York,Bronx,1432132
New York,Franklin,50293
New York,Herkimer,61833
New York,Kings,2582830
New York,Suffolk,1481093
New York,New York,1628701
New York,Otsego,59749
New York,Westchester,967612
New York,Chenango,47536
New York,Steuben,95796
New York,Greene,47491
New York,Albany,307117
New York,Cattaraugus,76840
New York,Cayuga,77145
New York,Nassau,1358343
New York,Clinton,80695
New York,Tioga,48560
New York,Washington,61197
New York,Oneida,229577
New York,Ulster,178599
New York,Orange,381951
New York,Putnam,98892
New York,Rensselaer,159442
New York,Richmond,476179
New York,Seneca,34300
New York,Orleans,40612
New York,Columbia,59916
New York,Queens,2278906
New York,Sullivan,75498
New York,Ontario,109864
New York,Schoharie,31097
New York,Montgomery,49455
New York,Hamilton,4434
New York,Chautauqua,127939
New York,Tompkins,102793
New York,Cortland,47823
South Dakota,Beadle,18883
South Dakota,McCook,5546
South Dakota,Edmunds,3875
South Dakota,Campbell,1377
South Dakota,Hyde,1282
South Dakota,Oglala Lakota,14309
South Dakota,Marshall,5112
South Dakota,Yankton,22869
South Dakota,Hamlin,6111
South Dakota,Buffalo,2036
South Dakota,Tripp,5478
South Dakota,Todd,10283
South Dakota,Haakon,1918
South Dakota,Bon Homme,6980
South Dakota,Fall River,6758
South Dakota,Stanley,3022
South Dakota,Day,5505
South Dakota,Brookings,35232
South Dakota,Potter,2207
South Dakota,Hutchinson,7380
South Dakota,Jones,928
South Dakota,Kingsbury,4919
South Dakota,Lincoln,58807
South Dakota,Jackson,3307
South Dakota,Hughes,17650
South Dakota,Perkins,2922
South Dakota,Gregory,4212
South Dakota,Sully,1392
South Dakota,Clay,14041
South Dakota,Moody,6579
South Dakota,Roberts,10447
South Dakota,Custer,8726
South Dakota,Lake,13057
South Dakota,Faulk,2330
South Dakota,Meade,28294
South Dakota,Walworth,5587
South Dakota,Miner,2213
South Dakota,Corson,4165
South Dakota,Lyman,3821
South Dakota,Hanson,3376
South Dakota,Turner,8424
South Dakota,Codington,28015
South Dakota,Charles Mix,9338
South Dakota,Douglas,2935
South Dakota,Lawrence,25741
South Dakota,Brown,39316
South Dakota,Ziebach,2742
South Dakota,Harding,1249
South Dakota,Bennett,3468
South Dakota,Sanborn,2429
South Dakota,Clark,3739
South Dakota,Hand,3262
South Dakota,Union,15619
South Dakota,McPherson,2407
South Dakota,Aurora,2801
South Dakota,Jerauld,2043
South Dakota,Grant,7147
South Dakota,Spink,6495
South Dakota,Davison,19790
South Dakota,Dewey,5904
South Dakota,Deuel,4337
South Dakota,Butte,10222
South Dakota,Pennington,111729
South Dakota,Brule,5229
South Dakota,Minnehaha,192876
South Dakota,Mellette,2042
Colorado,Gilpin,6121
Colorado,Las Animas,14503
Colorado,Morgan,28558
Colorado,Alamosa,16683
Colorado,Dolores,2074
Colorado,Summit,31007
Colorado,Jefferson,580233
Colorado,Pueblo,167529
Colorado,Clear Creek,9605
Colorado,Bent,5882
Colorado,Denver,716492
Colorado,Rio Grande,11250
Colorado,Montrose,42214
Colorado,Broomfield,69267
Colorado,Adams,511868
Colorado,Moffat,13188
Colorado,San Miguel,8191
Colorado,Larimer,350518
Colorado,Mesa,153207
Colorado,Archuleta,13765
Colorado,Teller,25083
Colorado,Sedgwick,2303
Colorado,Arapahoe,651215
Colorado,Hinsdale,811
Colorado,Lincoln,5610
Colorado,Jackson,1399
Colorado,Mineral,776
Colorado,Weld,314305
Colorado,Huerfano,6889
Colorado,Montezuma,26158
Colorado,Routt,25733
Colorado,Garfield,59770
Colorado,Custer,4954
Colorado,Saguache,6843
Colorado,Ouray,4833
Colorado,La Plata,56310
Colorado,Otero,18432
Colorado,Boulder,326078
Colorado,Baca,3585
Colorado,Conejos,8200
Colorado,Lake,7824
Colorado,Washington,4909
Colorado,Eagle,54993
Colorado,Douglas,342776
Colorado,Logan,21528
Colorado,Costilla,3828
Colorado,Kiowa,1383
Colorado,Yuma,10020
Colorado,Chaffee,20027
Colorado,Delta,30953
Colorado,Phillips,4286
Colorado,El Paso,713856
Colorado,Fremont,48021
Colorado,Rio Blanco,6336
Colorado,San Juan,762
Colorado,Gunnison,17246
Colorado,Elbert,26282
Colorado,Cheyenne,1876
Colorado,Park,18556
Colorado,Kit Carson,7163
Colorado,Prowers,12164
Colorado,Pitkin,17950
Colorado,Crowley,5858
Colorado,Grand,15525
New Jersey,Hudson,676061
New Jersey,Salem,62607
New Jersey,Gloucester,291408
New Jersey,Burlington,445384
New Jersey,Cumberland,150972
New Jersey,Union,558067
New Jersey,Hunterdon,124714
New Jersey,Sussex,140799
New Jersey,Passaic,503310
New Jersey,Essex,799767
New Jersey,Middlesex,829685
New Jersey,Atlantic,265429
New Jersey,Bergen,936692
New Jersey,Somerset,331164
New Jersey,Monmouth,621354
New Jersey,Ocean,601651
New Jersey,Mercer,369811
New Jersey,Morris,494228
New Jersey,Warren,105779
New Jersey,Camden,507078
New Jersey,Cape May,92560
Washington,Asotin,22610
Washington,Mason,65507
Washington,Klickitat,22107
Washington,Jefferson,31729
Washington,Chelan,77036
Washington,San Juan,17128
Washington,Cowlitz,108987
Washington,Whitman,49791
Washington,Snohomish,814901
Washington,Adams,19759
Washington,Skagit,128206
Washington,Island,84460
Washington,Lewis,79604
Washington,Wahkiakum,4426
Washington,Lincoln,10740
Washington,King,2233163
Washington,Pierce,891299
Washington,Franklin,94347
Washington,Garfield,2247
Washington,Thurston,286419
Washington,Douglas,42907
Washington,Kittitas,47364
Washington,Benton,201877
Washington,Okanogan,42132
Washington,Clark,481857
Washington,Walla Walla,60922
Washington,Ferry,7649
Washington,Grays Harbor,73901
Washington,Skamania,11924
Washington,Whatcom,225685
Washington,Columbia,4059
Washington,Yakima,251446
Washington,Grant,97331
Washington,Spokane,514631
Washington,Pacific,22036
Washington,Clallam,76737
Washington,Kitsap,269805
Washington,Stevens,45260
Washington,Pend Oreille,13602
North Carolina,Yancey,17903
North Carolina,Forsyth,379099
North Carolina,Madison,21763
North Carolina,Pasquotank,39639
North Carolina,Cherokee,28383
North Carolina,Camden,10710
North Carolina,Granville,60115
North Carolina,Lincoln,83770
North Carolina,Orange,146027
North Carolina,Rockingham,90690
North Carolina,Davie,42733
North Carolina,Iredell,178435
North Carolina,Haywood,61971
North Carolina,Wake,1092305
North Carolina,Hyde,5230
North Carolina,Macon,35285
North Carolina,Buncombe,259103
North Carolina,Burke,90382
North Carolina,Hertford,23659
North Carolina,Duplin,58856
North Carolina,Brunswick,136744
North Carolina,Northampton,19676
North Carolina,Surry,71948
North Carolina,Yadkin,37543
North Carolina,McDowell,45507
North Carolina,Robeson,131831
North Carolina,Nash,94016
North Carolina,Davidson,166614
North Carolina,Transylvania,34215
North Carolina,Swain,14245
North Carolina,Ashe,27109
North Carolina,Edgecombe,52005
North Carolina,Pamlico,12670
North Carolina,Watauga,55945
North Carolina,Sampson,63626
North Carolina,Pender,62162
North Carolina,Chowan,14029
North Carolina,Caldwell,82029
North Carolina,Randolph,143351
North Carolina,Richmond,44887
North Carolina,Columbus,55655
North Carolina,Scotland,34810
North Carolina,Bertie,19026
North Carolina,Dare,36501
North Carolina,Cabarrus,211342
North Carolina,Alleghany,11161
North Carolina,Moore,98682
North Carolina,Onslow,197683
North Carolina,Warren,19807
North Carolina,Perquimans,13422
North Carolina,Vance,44582
North Carolina,Martin,22671
North Carolina,Pitt,179914
North Carolina,Gaston,222846
North Carolina,Halifax,50574
North Carolina,Lee,61452
North Carolina,Currituck,27072
North Carolina,Alamance,166436
North Carolina,Rutherford,66826
North Carolina,Carteret,69524
North Carolina,Franklin,67560
North Carolina,Clay,11139
North Carolina,Avery,17505
North Carolina,Cleveland,97645
North Carolina,Rowan,141262
North Carolina,Cumberland,332330
North Carolina,Caswell,22698
North Carolina,Mecklenburg,1093901
North Carolina,Durham,316739
North Carolina,Stanly,62075
North Carolina,Montgomery,27271
North Carolina,Alexander,37353
North Carolina,Wayne,123248
North Carolina,Stokes,45467
North Carolina,Polk,20611
North Carolina,Johnston,202675
North Carolina,Gates,11573
North Carolina,Wilson,81455
North Carolina,Hoke,54764
North Carolina,Harnett,134214
North Carolina,Henderson,116748
North Carolina,Jackson,43327
North Carolina,Graham,8484
North Carolina,Catawba,158652
North Carolina,Chatham,73139
North Carolina,Greene,21012
North Carolina,Craven,102912
North Carolina,Guilford,533670
North Carolina,Washington,11859
North Carolina,Person,39507
North Carolina,Tyrrell,4131
North Carolina,Union,235908
North Carolina,Wilkes,68557
North Carolina,Beaufort,47079
North Carolina,Bladen,33190
North Carolina,Anson,24877
North Carolina,Lenoir,55976
North Carolina,Jones,9637
North Carolina,New Hanover,232274
North Carolina,Mitchell,15000
District of Columbia,District of Columbia,702455
Texas,Carson,6005
Texas,Tyler,21696
Texas,Wilbarger,12820
Texas,Taylor,137640
Texas,Madison,14422
Texas,Brazoria,370200
Texas,Hays,222631
Texas,Waller,53126
Texas,Hansford,5463
Texas,Erath,42446
Texas,Grimes,28360
Texas,Marion,9928
Texas,Knox,3653
Texas,Live Oak,12166
Texas,Lampasas,21229
Texas,Glasscock,1388
Texas,Briscoe,1516
Texas,Castro,7665
Texas,Tarrant,2084931
Texas,Loving,152
Texas,Real,3478
Texas,Hardin,57207
Texas,Zapata,14190
Texas,Hockley,22980
Texas,Maverick,58485
Texas,Milam,25131
Texas,Wilson,50224
Texas,Limestone,23519
Texas,Orange,83572
Texas,Goliad,7584
Texas,Jim Hogg,5248
Texas,Bee,32587
Texas,Stephens,9433
Texas,McMullen,749
Texas,Eastland,18322
Texas,Rains,12159
Texas,Dickens,2249
Texas,Fisher,3839
Texas,Crane,4794
Texas,Matagorda,36552
Texas,Smith,230221
Texas,Brown,37924
Texas,King,277
Texas,Ward,11720
Texas,Baylor,3582
Texas,Scurry,16866
Texas,Collingsworth,2962
Texas,Cherokee,52592
Texas,Oldham,2131
Texas,Bandera,22824
Texas,Delta,5349
Texas,Lipscomb,3355
Texas,El Paso,840758
Texas,Throckmorton,1515
Texas,Falls,17335
Texas,Chambers,42454
Texas,Deaf Smith,18760
Texas,Pecos,15673
Texas,Denton,859064
Texas,Galveston,337890
Texas,Medina,50921
Texas,Howard,36459
Texas,Robertson,17284
Texas,San Saba,6054
Texas,Walker,72480
Texas,Terrell,823
Texas,Kent,726
Texas,Donley,3319
Texas,McLennan,254607
Texas,Colorado,21217
Texas,Mason,4280
Texas,Presidio,6948
Texas,Burnet,47542
Texas,Jefferson,255001
Texas,Freestone,19808
Texas,Nueces,362265
Texas,Runnels,10234
Texas,Swisher,7462
Texas,Shackelford,3253
Texas,Trinity,14740
Texas,Wood,45129
Texas,Anderson,58057
Texas,Harris,4698619
Texas,Frio,19816
Texas,Red River,12175
Texas,Randall,136271
Texas,Jasper,35872
Texas,Jack,8843
Texas,Lamar,49728
Texas,Reagan,3741
Texas,Hutchinson,21198
Texas,Hunt,96493
Texas,Gray,21895
Texas,Refugio,7032
Texas,Williamson,566719
Texas,Kaufman,128622
Texas,Washington,35108
Texas,Dawson,12619
Texas,Bailey,7027
Texas,Van Zandt,56019
Texas,Stonewall,1362
Texas,Gillespie,26804
Texas,La Salle,7531
Texas,Kinney,3767
Texas,Hill,36354
Texas,Jim Wells,40822
Texas,San Augustine,8232
Texas,Motley,1234
Texas,Sabine,10589
Texas,Gregg,123707
Texas,Aransas,23792
Texas,Borden,648
Texas,Winkler,7720
Texas,Concho,4276
Texas,Kerr,52405
Texas,Caldwell,43247
Texas,Callahan,13994
Texas,Haskell,5813
Texas,Foard,1200
Texas,Garza,6578
Texas,Nolan,14751
Texas,Cochran,2836
Texas,Angelina,87092
Texas,Fayette,25349
Texas,Armstrong,1892
Texas,Lamb,13158
Texas,Lubbock,307412
Texas,Bowie,94324
Texas,Bexar,1986049
Texas,Wharton,41619
Texas,Coleman,8397
Texas,Shelby,25418
Texas,Hartley,5619
Texas,Gonzales,20826
Texas,Moore,21485
Texas,Guadalupe,163694
Texas,Ochiltree,9947
Texas,Panola,23148
Texas,Edwards,1928
Texas,Jeff Davis,2252
Texas,Hemphill,3825
Texas,Atascosa,50310
Texas,Schleicher,2895
Texas,Sutton,3758
Texas,Lee,17144
Texas,Grayson,133991
Texas,Rockwall,100657
Texas,Menard,2139
Texas,Crosby,5779
Texas,Polk,50031
Texas,Victoria,92035
Texas,Comal,148373
Texas,Childress,7291
Texas,Fort Bend,787858
Texas,Zavala,11983
Texas,Terry,12287
Texas,Dimmit,10308
Texas,Somervell,9016
Texas,Parker,138371
Texas,Franklin,10766
Texas,Hood,60537
Texas,Martin,5753
Texas,Cameron,423908
Texas,Clay,10456
Texas,Kimble,4362
Texas,Parmer,9864
Texas,Karnes,15650
Texas,DeWitt,20187
Texas,Lavaca,20110
Texas,Wichita,132064
Texas,Crockett,3499
Texas,Johnson,171361
Texas,Hale,33830
Texas,Kleberg,31129
Texas,Brewster,9267
Texas,Bosque,18691
Texas,Harrison,66726
Texas,Hardeman,3922
Texas,Floyd,5837
Texas,Kendall,45641
Texas,Wheeler,5191
Texas,Brazos,226758
Texas,Val Verde,49208
Texas,Dallam,7200
Texas,Young,18045
Texas,Sterling,1311
Texas,Brooks,7114
Texas,Montgomery,590925
Texas,Ellis,179436
Texas,Nacogdoches,65711
Texas,Burleson,18389
Texas,Starr,64525
Texas,Newton,13746
Texas,Gaines,20901
Texas,Cooke,40574
Texas,Calhoun,21561
Texas,Upton,3671
Texas,Navarro,49565
Texas,Roberts,903
Texas,Hopkins,36810
Texas,Duval,11212
Texas,Bastrop,86976
Texas,Upshur,41260
Texas,Kenedy,442
Texas,Coryell,74808
Texas,Ector,162124
Texas,Camp,13033
Texas,Wise,68305
Texas,Fannin,35286
Texas,Titus,33033
Texas,Potter,119648
Texas,Liberty,86323
Texas,Travis,1248743
Texas,Henderson,82299
Texas,San Jacinto,28719
Texas,Jackson,14874
Texas,Lynn,5877
Texas,Comanche,13534
Texas,Hidalgo,865939
Texas,Blanco,11702
Texas,Hall,3028
Texas,Cass,30119
Texas,Culberson,2204
Texas,Reeves,15695
Texas,Montague,19596
Texas,Willacy,21515
Texas,Bell,355642
Texas,Irion,1522
Texas,Cottle,1389
Texas,Midland,172578
Texas,Mills,4921
Texas,Coke,3370
Texas,McCulloch,7987
Texas,Houston,23169
Texas,Leon,17270
Texas,Austin,29989
Texas,Webb,275910
Texas,Collin,1005146
Texas,Palo Pinto,28875
Texas,San Patricio,66893
Texas,Andrews,18128
Texas,Tom Green,118189
Texas,Sherman,3079
Texas,Uvalde,26846
Texas,Rusk,54450
Texas,Dallas,2637772
Texas,Hamilton,8484
Texas,Jones,19817
Texas,Archer,8786
Texas,Yoakum,8591
Texas,Llano,21646
Texas,Hudspeth,4795
Texas,Mitchell,8145
Texas,Morris,12339
Nevada,Carson City,55414
Nevada,Nye,45346
Nevada,Humboldt,16786
Nevada,Elko,52460
Nevada,Lincoln,5201
Nevada,Eureka,2003
Nevada,Lander,5575
Nevada,Mineral,4514
Nevada,Douglas,48467
Nevada,Esmeralda,826
Nevada,Washoe,465735
Nevada,Storey,4029
Nevada,Lyon,55808
Nevada,Churchill,24440
Nevada,White Pine,9475
Nevada,Clark,2231647
Nevada,Pershing,6666
Maine,Kennebec,122083
Maine,Hancock,54811
Maine,Androscoggin,107679
Maine,Cumberland,293557
Maine,Sagadahoc,35634
Maine,Lincoln,34342
Maine,Washington,31490
Maine,York,206229
Maine,Waldo,39694
Maine,Penobscot,151096
Maine,Franklin,29897
Maine,Somerset,50592
Maine,Oxford,57618
Maine,Knox,39771
Maine,Piscataquis,16800
Maine,Aroostook,67111
Rhode Island,Providence,636084
Rhode Island,Kent,163861
Rhode Island,Newport,82542
Rhode Island,Washington,126179
Rhode Island,Bristol,48649
